text,label,predicted_label,predicted_probability,prob_negative,prob_neutral,prob_positive
android marshmallow <number> . <number> . <number> won't let me log on the by existing account just keeps saying setting up bbm please fix,negative,negative,0.7387492060661316,0.7387492060661316,0.23522864282131195,0.026022225618362427
map animation stopped working,negative,negative,0.8517990112304688,0.8517990112304688,0.12296077609062195,0.025240179151296616
"good, but slow workflow.",positive,neutral,0.7029990553855896,0.016156597062945366,0.7029990553855896,0.28084439039230347
nice app to use with friends,neutral,positive,0.8962981700897217,0.008171042427420616,0.09553080797195435,0.8962981700897217
"i love this app, but i wish they had more outfit selections for maternity. other than that it's pretty awesome.",positive,positive,0.9280921220779419,0.010440772399306297,0.06146709620952606,0.9280921220779419
radar in motion won't work.,negative,negative,0.9663460850715637,0.9663460850715637,0.026030823588371277,0.0076230308040976524
only opened <number> st <number> th pages of <url>,negative,negative,0.8291847109794617,0.8291847109794617,0.14782710373401642,0.022988151758909225
when i was being rained on it said no rain in your <url> it is still a good weather app.,neutral,neutral,0.6321236491203308,0.046428777277469635,0.6321236491203308,0.32144755125045776
everthing is tought before its use,neutral,negative,0.6030384302139282,0.6030384302139282,0.3461150825023651,0.050846535712480545
good content. worth downloading,neutral,positive,0.7749448418617249,0.008313444443047047,0.21674171090126038,0.7749448418617249
"it's a great and fun app for emoji use, i like the customization. but there needs to be more clothing and style options. i feel like there needs to be styles with clothing and hair, such as punk, goth, rocker, traditional, futuristic, fairy, and many more. other than wanting more styles to choose from this app is great",positive,positive,0.9264591932296753,0.007211724296212196,0.06632903963327408,0.9264591932296753
"wow, this is a terrible app. no open dialog or page goto. i had expected better from an actual adobe app.",negative,negative,0.968004047870636,0.968004047870636,0.02486945316195488,0.007126510143280029
i m fed of this <url> has posted it add every where,negative,negative,0.7016671895980835,0.7016671895980835,0.22367088496685028,0.07466195523738861
it is very usefull browser,positive,positive,0.8518403768539429,0.015595441684126854,0.13256415724754333,0.8518403768539429
its a bit slow vs thinking office and also text anti aliasing is bad,neutral,neutral,0.8391367197036743,0.061668701469898224,0.8391367197036743,0.09919463843107224
"it was great for me and the owner was very nice to us.,but the price change when i pay from <number> to <number>",neutral,positive,0.6043621897697449,0.022418644279241562,0.37321916222572327,0.6043621897697449
provide some good <url> the only bad thing about this app is lack of good <url> hope you make it <url>,neutral,positive,0.6074374318122864,0.011966782622039318,0.3805958330631256,0.6074374318122864
problem with saving large photos plz fix ir,neutral,neutral,0.7350056171417236,0.19073913991451263,0.7350056171417236,0.07425523549318314
its a good app but we dont have a night mode option for reading in which the background becomes black and text becomes white in color.,positive,neutral,0.837049663066864,0.02811887487769127,0.837049663066864,0.1348314881324768
i hate the new version of bbm,negative,negative,0.9274205565452576,0.9274205565452576,0.054659269750118256,0.017920248210430145
is an interesting app to use.,positive,positive,0.8660839200019836,0.009347641840577126,0.124568410217762,0.8660839200019836
"used to be great. now lots of issues with network. i keep getting no network errors, as failed to update errors even when signal is great, or i'm connected to my wi-fi at home.",neutral,negative,0.5929675102233887,0.5929675102233887,0.3658693730831146,0.04116309806704521
it always has me in virginia and i live in florida,neutral,positive,0.6642034649848938,0.07307881116867065,0.26271772384643555,0.6642034649848938
it is the very good ape to any one download,positive,positive,0.8694656491279602,0.00926963984966278,0.12126466631889343,0.8694656491279602
not up to the mark,neutral,neutral,0.6137027144432068,0.33290621638298035,0.6137027144432068,0.05339103192090988
useless boring it's of no use now days just like mxit,negative,negative,0.958913266658783,0.958913266658783,0.032707806676626205,0.008378885686397552
very easy to use,positive,positive,0.888141393661499,0.012454671785235405,0.09940393269062042,0.888141393661499
worst upadate this update dont respond whenever i access my download section so hated it.,negative,negative,0.9677936434745789,0.9677936434745789,0.024810874834656715,0.007395434658974409
i have lots of state that i watch. my home town will not show what it feels like. all the others do. i have tried a few different things and it won't work. don't understand but it is important to me to know how cold it feels out. i can go to hourly and it tells me but should not have to! i'm uninstalling!,neutral,negative,0.7316253185272217,0.7316253185272217,0.2444678097963333,0.023906899616122246
better and more accurate then most other weather apps.,positive,positive,0.91002357006073,0.010921720415353775,0.07905475795269012,0.91002357006073
fun!!! just wish i could make one of my bf.,neutral,positive,0.906336784362793,0.011407448910176754,0.08225575089454651,0.906336784362793
worthless does not open password protected pdf as stated,negative,negative,0.9585044980049133,0.9585044980049133,0.033850718289613724,0.007644713390618563
shoddy ui and keeps logging me out,negative,negative,0.6667503714561462,0.6667503714561462,0.3027380704879761,0.03051155060529709
"very accurate, which is important! how about a <number> x <number> widget?",positive,positive,0.8266344666481018,0.011809741146862507,0.16155581176280975,0.8266344666481018
i like the set up.,positive,positive,0.8974491357803345,0.009278181940317154,0.09327267855405807,0.8974491357803345
"looks interesting at initial install, however the advertisement photos and the camera lay out are different to my install on a samsung galaxy note <number> . missing too many features compared to the full pc. version, particularly tagging and indexing. camera is not as good as the original camera being on the dark side. a nice app. however adds not enough to warrant keeping. perhaps in the future updates. most notably is missing the side by side photo comparison which was the main reason for installation.",neutral,neutral,0.742104172706604,0.01819419302046299,0.742104172706604,0.23970164358615875
nexus <number> and samsung s <number>,positive,negative,0.48954951763153076,0.48954951763153076,0.3906567692756653,0.11979370564222336
"crashing. app crashes and freezes constantly. on htc one m <number> , and the app is completely broken.",negative,negative,0.9603909850120544,0.9603909850120544,0.032216258347034454,0.007392826955765486
plz provide watermarking <url>,positive,positive,0.6436628103256226,0.050856251269578934,0.30548086762428284,0.6436628103256226
u can download all movies in any language at movie <url> it okkk,neutral,neutral,0.7259020209312439,0.2054484635591507,0.7259020209312439,0.068649522960186
pls add more features for android like iphone features,neutral,positive,0.6142463088035583,0.04639532044529915,0.3393584191799164,0.6142463088035583
nice app but when i taking picture with this app i have little problem here the range have limited only <number> - <number> meter even i set focus to infinity still can't get to it. i shoot with pro mode <url> you can fix that it will be <url>,neutral,positive,0.5341686606407166,0.02362854778766632,0.44220277667045593,0.5341686606407166
it's not a web browser. it's an ad browser,negative,negative,0.8336355090141296,0.8336355090141296,0.1476573646068573,0.01870717853307724
a lot of a bug here,negative,neutral,0.5327693819999695,0.3874560296535492,0.5327693819999695,0.07977461069822311
shame forest starts again every day would be nice to build a huge forest like monthly or so,positive,negative,0.6106882691383362,0.6106882691383362,0.3245680630207062,0.06474366039037704
"this app is so fun! my friends and family love exchanging silly bitmojis in our texts. the only reason why i gave it <number> stars is because i wish there was a way for your to organize the bitmojis, so you can quickly access certain ones instead of having to scroll through them or search. also, the outfits are pretty awful. they need a little more fashion. lol however, the art and creativity in the bitmojis are terrific!",positive,positive,0.857456386089325,0.013123298063874245,0.12942032516002655,0.857456386089325
i love it but we need video support!,neutral,positive,0.7419818043708801,0.027835585176944733,0.23018263280391693,0.7419818043708801
the app is is good but,neutral,neutral,0.7590647339820862,0.032964885234832764,0.7590647339820862,0.20797038078308105
it is taking forever to load. never had this issue before. just started a few weeks ago,neutral,negative,0.5238569378852844,0.5238569378852844,0.4392666816711426,0.036876380443573
map stopped animating over a week ago on my samsung galaxy s <number> . please fix. used to be the <signature>,negative,negative,0.6626376509666443,0.6626376509666443,0.2930919826030731,0.044270455837249756
"it definitely helps me stay focused and off my phone. the one complaint i have is that when i have my phone on silent/vibrate, when i plant a tree my phone goes into standard/sounds on mode. i don't like that at all, i have it on silent for a reason.",positive,positive,0.7035416960716248,0.013638732023537159,0.28281956911087036,0.7035416960716248
one   for doing this nasty ios port,negative,negative,0.6225359439849854,0.6225359439849854,0.2822626531124115,0.09520148485898972
unmounted my sd card,negative,negative,0.9440261721611023,0.9440261721611023,0.04693716764450073,0.009036685340106487
why can i not delete saved locations? and ive read thtough it many times and dont see anyway at all to delte previously saved locations!!? im going to have to uninstall the app and then reinstall it to reset this location deleting issue u have!?!???,neutral,negative,0.7763538360595703,0.7763538360595703,0.20403636991977692,0.019609887152910233
"lacks capability to browse for local file. no goto page option, <number> page documents impossible to read. no 'bookmark' to save <url> apps avail",negative,negative,0.8773237466812134,0.8773237466812134,0.11203934252262115,0.010636923834681511
bbm is easy to use and simple way for chating to my friends and <url> !,neutral,positive,0.7980819344520569,0.023040451109409332,0.17887760698795319,0.7980819344520569
make it better please,positive,neutral,0.5338515639305115,0.023268334567546844,0.5338515639305115,0.44288015365600586
"i liked the game as well as the concept. it would be better if it gave a sort of buzzer when time was up, and if you could add some personalization.",positive,positive,0.8333907723426819,0.010753614827990532,0.1558556705713272,0.8333907723426819
"useful app nice app for opening documents, no adverts,easy to use and doesn't need a lot of experience",positive,positive,0.8806772232055664,0.00704678101465106,0.11227602511644363,0.8806772232055664
easy to book and great choice and information.,positive,positive,0.951900839805603,0.007665975950658321,0.04043317958712578,0.951900839805603
never trust earth networks again,negative,negative,0.8995416164398193,0.8995416164398193,0.07967771589756012,0.020780600607395172
what happened to the elite version i paid for?,negative,negative,0.9632000923156738,0.9632000923156738,0.027187278494238853,0.00961255095899105
lots of problems with the map,neutral,neutral,0.7076029181480408,0.17046405375003815,0.7076029181480408,0.12193308025598526
simple and easy to use,positive,neutral,0.5039856433868408,0.0411820113658905,0.5039856433868408,0.4548322856426239
"enjoyed the app until the <url> then the ticker quit <url> the pop up ads in the ticker are annoying. when you get all that shut off in settings, it works great!",positive,positive,0.5686765909194946,0.02225276455283165,0.4090706408023834,0.5686765909194946
radar does not work. will not stay on my home city.,negative,negative,0.9675577878952026,0.9675577878952026,0.024044562131166458,0.008397653698921204
it would be nice if it was in different languages.,neutral,positive,0.5307977199554443,0.01794557273387909,0.4512566924095154,0.5307977199554443
some tools can be available and improved without having to open an account or sign in each time like with drive but in general is pretty useful and have good features also please create the bin icon instead of the <number> dots and once you choose a file you can't delete only if you go back,positive,positive,0.7851418852806091,0.012196118012070656,0.20266206562519073,0.7851418852806091
"i love it! however, i do a lot of work on my phone and so i would like an option to run the app while using my phone, without it killing a tree!",positive,positive,0.9143332242965698,0.015299529768526554,0.070367231965065,0.9143332242965698
good app easy to use. the lens correction function doesn't seem to work though. but maybe i am unaware of how it's supposed to work.,positive,positive,0.5011414885520935,0.013802514411509037,0.4850560426712036,0.5011414885520935
there should be feature by which we can see who saw my message in a group and who doesn't. like we have in what's app,positive,neutral,0.6378882527351379,0.033293601125478745,0.6378882527351379,0.32881808280944824
"can we get this to, somehow, plant an actual tree? say, for a certain amount of trees grown succesfully a tree gets planted at some forest in need.",negative,positive,0.5101390480995178,0.04166990518569946,0.4481910467147827,0.5101390480995178
contains alot of ads,positive,neutral,0.5874855518341064,0.31860047578811646,0.5874855518341064,0.09391395002603531
can't search area,negative,negative,0.7607636451721191,0.7607636451721191,0.21744169294834137,0.02179475501179695
good app for team communications,positive,positive,0.8193035125732422,0.010534869506955147,0.17016158998012543,0.8193035125732422
stopped showing up in my status bar,neutral,negative,0.58428955078125,0.58428955078125,0.3408164978027344,0.07489395141601562
use it for studying,positive,positive,0.842322826385498,0.03103683330118656,0.12664030492305756,0.842322826385498
too much ads i dont want uc news stop showing me ads to download uc news,negative,negative,0.8818145990371704,0.8818145990371704,0.10505791753530502,0.013127406127750874
installed this app on my zt <number> tablet but wont work annoying!,negative,negative,0.9083683490753174,0.9083683490753174,0.08274071663618088,0.008890941739082336
the tree does not die no matter which app i <url> i have tried every setting possible but it doesnot <url>,negative,negative,0.7526262998580933,0.7526262998580933,0.2178562879562378,0.029517466202378273
i love  this app,positive,negative,0.5136795043945312,0.5136795043945312,0.29388219118118286,0.1924382597208023
need to have female and males,neutral,neutral,0.5882147550582886,0.3015742003917694,0.5882147550582886,0.11021099239587784
add tick tick clock sound in it,positive,positive,0.7377513647079468,0.02282467484474182,0.2394239753484726,0.7377513647079468
the radar won't work with samsung galaxy s <number> . so lame,negative,negative,0.9587343335151672,0.9587343335151672,0.03378874808549881,0.007476980332285166
great app. and loads pdf docs faster than many other apps,positive,positive,0.9290911555290222,0.01039526890963316,0.06051357835531235,0.9290911555290222
"fun app! wish i could draw some added details, but fun anyway.",positive,positive,0.8395211696624756,0.008458239957690239,0.15202055871486664,0.8395211696624756
pretty cool app to have.,positive,positive,0.547092616558075,0.017417043447494507,0.43549036979675293,0.547092616558075
"clumsy auto-import, but great overall",positive,neutral,0.6826322674751282,0.037738192826509476,0.6826322674751282,0.27962955832481384
useless without raw support,negative,negative,0.9611117243766785,0.9611117243766785,0.027980031445622444,0.010908305644989014
tried to use it for my team at work but they just wanted to use the whatsapp groups they currently do which is basically the same thing.,neutral,negative,0.77006596326828,0.77006596326828,0.2018490582704544,0.028085017576813698
i think this a smart browser but opera mini fast then uc but good effort by devolpers,positive,positive,0.6534011960029602,0.014495122246444225,0.3321036100387573,0.6534011960029602
i am facing problem while using it needed to work on user interface its getting slow and hangs sometimes,neutral,neutral,0.6174373030662537,0.3238309621810913,0.6174373030662537,0.058731820434331894
"it's an ok app, compared to whatsapp and line messenger",neutral,neutral,0.5769553184509277,0.010500661097466946,0.5769553184509277,0.4125440716743469
"won't open any .pdf files on my tmo vibrant (bionix <number> . <number> ), useless.",negative,negative,0.9694719314575195,0.9694719314575195,0.022605158388614655,0.007922884076833725
can you fix the quality of display picture,positive,neutral,0.5717363953590393,0.052120357751846313,0.5717363953590393,0.376143217086792
can't move app to sd card,neutral,neutral,0.5058048963546753,0.46559542417526245,0.5058048963546753,0.028599677607417107
good app but more facilities we exprcted,neutral,neutral,0.5771285891532898,0.0205696988850832,0.5771285891532898,0.40230172872543335
app works great. consider changing the red triangular notification to a solid red color in the notification bar in android. on my note <number> it appears as transparent in the notification bar at the top.,positive,positive,0.6641871929168701,0.015623756684362888,0.3201890289783478,0.6641871929168701
plz update it it stick in the loading screen forever,negative,neutral,0.5241469144821167,0.36477476358413696,0.5241469144821167,0.11107828468084335
i like it but i wish there were more things and i wish we could customize shirts and stuff,positive,positive,0.9031579494476318,0.01121873501688242,0.08562331646680832,0.9031579494476318
my messages aren't going through to anyone. please fix immediately.,neutral,negative,0.6255801320075989,0.6255801320075989,0.3234843313694,0.05093551054596901
"i love it, but i'll select one to use and then it will show the new one sent, but a short time later, it will show that i resent an old one, not the one i just selected.",neutral,positive,0.7295019626617432,0.02229318581521511,0.24820485711097717,0.7295019626617432
my radar has stopped working! i've never had a problem with it until today please fix!,negative,negative,0.9151753783226013,0.9151753783226013,0.07204184681177139,0.012782812118530273
working properly for awhile and crashes later on,neutral,neutral,0.6005686521530151,0.31712454557418823,0.6005686521530151,0.08230684697628021
"a well-crafted, simple app",positive,positive,0.9260662198066711,0.009036917239427567,0.0648968443274498,0.9260662198066711
it was okay at the start and got me focussed but my phone's screen timed out and locked and then my tree withered. please fix this,negative,neutral,0.8453307747840881,0.046037763357162476,0.8453307747840881,0.10863146930932999
it's pretty useful!,positive,positive,0.8495666980743408,0.007737764623016119,0.1426955759525299,0.8495666980743408
why can my friends get the bitmojis with two people but i can't? frustrated.,neutral,neutral,0.7111754417419434,0.1662665754556656,0.7111754417419434,0.12255796790122986
remove obscene quotes and gestures,negative,negative,0.5470032095909119,0.5470032095909119,0.36547988653182983,0.08751686662435532
pretty good. app wish it let you face scan yourself.,positive,positive,0.8115443587303162,0.008683738298714161,0.17977190017700195,0.8115443587303162
very good but crashes often,neutral,neutral,0.4978564977645874,0.029191123321652412,0.4978564977645874,0.4729524552822113
"lacking lens correction and blur features, otherwise i'd love it. please consider adding these, otherwise i'll have to use photo mate r <number> , cause while it doesn't have blur feature's it has great lens correction features so i can get my chromatic aberration effect : <number>",positive,neutral,0.5566882491111755,0.0310443714261055,0.5566882491111755,0.4122673273086548
the animation stopped working please fix!,negative,negative,0.8897204399108887,0.8897204399108887,0.09208371490240097,0.018195798620581627
goood one no one can see images unless u do hd,positive,negative,0.7202366590499878,0.7202366590499878,0.24682708084583282,0.03293628618121147
the app lags and consume lots of space.,negative,negative,0.5271780490875244,0.5271780490875244,0.42658430337905884,0.046237606555223465
"great app, using for an <url> but, could it be upgraded with the feature 'desktop mode' ?",positive,positive,0.7064787745475769,0.01906624063849449,0.2744549810886383,0.7064787745475769
it was good before,neutral,neutral,0.805519700050354,0.056015364825725555,0.805519700050354,0.13846494257450104
i like the old spark better it was more accurate cuz it told you exactly how many miles away the lightning was now you gotta zoom in on the map just to see in a round about ways of where the lightning <url>,neutral,positive,0.7504149675369263,0.01515666488558054,0.23442839086055756,0.7504149675369263
"i really like it, but for a while now it hasn't been making my tree die when i touch my phone. also, after completing a set amount of time there's another number underneath my tree. i can't figure out what this means.",positive,positive,0.5526512265205383,0.02883066236972809,0.41851806640625,0.5526512265205383
annoying buttons below the chat text box.,neutral,neutral,0.7466340661048889,0.14308792352676392,0.7466340661048889,0.11027799546718597
i like this app for esuy to watch movie,positive,positive,0.8381480574607849,0.024398570880293846,0.13745340704917908,0.8381480574607849
"aaa please tell me why it doesnt show my cherry blossom <url> i just unlocked it with <number> coins, and i cant find it to grow it. arghh its frustrating.",neutral,negative,0.6488308906555176,0.6488308906555176,0.32105228304862976,0.030116872861981392
needs to save where you last left off thats all it needs <number> stars when it updates,neutral,neutral,0.745599627494812,0.12896089255809784,0.745599627494812,0.12543943524360657
the app draws the mobile addict in you and plays with his/her psyche.,positive,positive,0.8385056257247925,0.044816140085458755,0.11667826026678085,0.8385056257247925
it is helpful for fast downloading,positive,positive,0.8515623807907104,0.007717926986515522,0.14071965217590332,0.8515623807907104
hard to access emojis/sticker,positive,negative,0.5300484299659729,0.5300484299659729,0.4329969882965088,0.0369546040892601
why this app has become so big? earlier it used to be only <number> mbs now its <number> . please reduce the size. <signature>,neutral,neutral,0.6299338936805725,0.2367037981748581,0.6299338936805725,0.13336235284805298
directions make no sense,negative,negative,0.6844202876091003,0.6844202876091003,0.2654029428958893,0.050176747143268585
great app for photography but,neutral,positive,0.7694956064224243,0.019157975912094116,0.21134637296199799,0.7694956064224243
why can't they fix these issues,neutral,negative,0.48685702681541443,0.48685702681541443,0.44051191210746765,0.07263106107711792
not working with whats app,negative,negative,0.9202396869659424,0.9202396869659424,0.06789322942495346,0.011867059394717216
you have to put the search option in the app,positive,neutral,0.6330097913742065,0.2168905884027481,0.6330097913742065,0.15009963512420654
"its very usefull, also good <url> !!!",positive,positive,0.892314076423645,0.00839365366846323,0.09929227083921432,0.892314076423645
"its good. but the problem is whenever i charge my phone, and the forest app has been running, the moment the charging the moment the tree died. and i do not get a single coin. lol is not my fault that the tree died, but what i got-o coins and a dead tree.",neutral,neutral,0.8335817456245422,0.028399378061294556,0.8335817456245422,0.1380188763141632
tel me what to do,positive,neutral,0.5984945893287659,0.27563562989234924,0.5984945893287659,0.12586979568004608
some websites say i don't have adobe even though i have this loaded.,neutral,neutral,0.4830930233001709,0.3854486048221588,0.4830930233001709,0.13145838677883148
it is easy to find your distination but there is always a less price,neutral,positive,0.5554021000862122,0.022178834304213524,0.42241910099983215,0.5554021000862122
i havent many friends here,positive,neutral,0.5078266859054565,0.4297837018966675,0.5078266859054565,0.062389593571424484
"would like updates on the sun over a <number> hour loop, as well as wind maps, water temps. but one of the <signature>",positive,positive,0.8589316010475159,0.008354529738426208,0.13271382451057434,0.8589316010475159
where are the local adjustments?,positive,neutral,0.643539309501648,0.13367187976837158,0.643539309501648,0.22278881072998047
very easy to <url>,neutral,positive,0.85776686668396,0.01435595378279686,0.12787723541259766,0.85776686668396
easy to use very good deal.,positive,positive,0.9261147975921631,0.00757628632709384,0.06630889326334,0.9261147975921631
this app doesnt want to sign me up,neutral,negative,0.9670252203941345,0.9670252203941345,0.025432715192437172,0.0075420597568154335
always showing install even it has already installed,positive,positive,0.45052456855773926,0.10149435698986053,0.4479810893535614,0.45052456855773926
the zooming feature is slow and consequently difficult to use.,neutral,neutral,0.7801945209503174,0.1384524703025818,0.7801945209503174,0.08135304600000381
great tool for on the go!,positive,positive,0.9411660432815552,0.009499154053628445,0.04933479428291321,0.9411660432815552
raw format not supported,neutral,neutral,0.6245887875556946,0.27824145555496216,0.6245887875556946,0.09716976433992386
"it's a cool thing to have, but it won't sync up with the mozilla addon",positive,neutral,0.8162545561790466,0.021550897508859634,0.8162545561790466,0.16219449043273926
great app but keeps crashing,neutral,neutral,0.6043196320533752,0.2213142365217209,0.6043196320533752,0.17436614632606506
"bbm is good ,hate the adverts",positive,negative,0.7055742144584656,0.7055742144584656,0.23263683915138245,0.061788950115442276
how about a tablet ui?,neutral,neutral,0.6502253413200378,0.09947752207517624,0.6502253413200378,0.2502971887588501
prefer the website more,neutral,neutral,0.6107683181762695,0.09018632769584656,0.6107683181762695,0.2990453243255615
"good design. hope the plant real trees is a true story! also, why the highest ranking people are mostly asian? should expand your customers",positive,positive,0.8593727350234985,0.00961328949779272,0.13101398944854736,0.8593727350234985
"i am not disappointed, but pixlr is still a way better software.",neutral,neutral,0.6215018630027771,0.0608915314078331,0.6215018630027771,0.3176065981388092
"i love playing with bitmojis. the clothes in the personalization could use some updating, though. very little are things i'd ever actually wear. it would also be nice to add friends directly on the app to interact with their own bitmojis outside of snapchat.",positive,positive,0.9314631223678589,0.009959830902516842,0.058576975017786026,0.9314631223678589
i love it. i just wish i could delete images that i find offensive and would never use.,positive,positive,0.8897483348846436,0.023230336606502533,0.0870213508605957,0.8897483348846436
i think in the new update they let you color customize any hair style and let you put cuts in your eyebrows.,positive,positive,0.9072889089584351,0.017038384452462196,0.07567273080348969,0.9072889089584351
automatically resizes with no way to change!!,negative,negative,0.947355329990387,0.947355329990387,0.042489152401685715,0.010155534371733665
don't like the new update,positive,neutral,0.6073014140129089,0.27547943592071533,0.6073014140129089,0.11721913516521454
i like my bbm now . <signature>,positive,positive,0.8832665681838989,0.01729484833776951,0.09943857043981552,0.8832665681838989
no more trees since update. just shrubs :'(,positive,neutral,0.5616906881332397,0.34339621663093567,0.5616906881332397,0.09491309523582458
would not updated on my phone and i tried like <number> times,negative,neutral,0.6982982754707336,0.22736649215221405,0.6982982754707336,0.07433523237705231
"needs more body shapes and sizes, as well as face lines around nose/cheeks",positive,neutral,0.6455613970756531,0.03276003897190094,0.6455613970756531,0.3216785788536072
took away floating head in txt,negative,negative,0.8028419613838196,0.8028419613838196,0.17053349316120148,0.026624593883752823
stopped working on my phone since the last update. will bring rating up when the problem is fixed.,negative,negative,0.8845436573028564,0.8845436573028564,0.10360632091760635,0.011849993839859962
works well. most of my pdf files require me to enter a username and password. this app will not allow me to. any chance of adding that?,neutral,neutral,0.7431541681289673,0.01798015460371971,0.7431541681289673,0.23886574804782867
"it's <url> ,add select area <url> mean make selection by <url>",neutral,positive,0.6691746711730957,0.027070332318544388,0.3037550151348114,0.6691746711730957
app doesn't always work. temp won't show in n status bar. doesn't keep track of moving locations,neutral,negative,0.8101058602333069,0.8101058602333069,0.17656485736370087,0.01332925260066986
i hate this update,negative,negative,0.9567297101020813,0.9567297101020813,0.03236186504364014,0.010908433236181736
new updates are beyond worse,negative,negative,0.5151962041854858,0.5151962041854858,0.38518086075782776,0.0996229350566864
where is wbug elite i paid for???,negative,negative,0.9529911279678345,0.9529911279678345,0.03591823950409889,0.01109064556658268
make the time lapse between editing each feature shorter,positive,neutral,0.6794852614402771,0.04190576821565628,0.6794852614402771,0.27860894799232483
add one more feature,positive,positive,0.7803258895874023,0.019734270870685577,0.1999397873878479,0.7803258895874023
the app was useful but avg virus scanner said it contains malware so i'm uninstalling to be safe,negative,neutral,0.8113495707511902,0.09369231015443802,0.8113495707511902,0.09495820105075836
i couldn't open it.,negative,negative,0.9554348587989807,0.9554348587989807,0.03575775399804115,0.008807419799268246
i think that uc is very nice,neutral,positive,0.5771710276603699,0.026927273720502853,0.39590170979499817,0.5771710276603699
mis the original bbm,negative,negative,0.6191746592521667,0.6191746592521667,0.3048817217350006,0.07594362646341324
new ui tanks usability,negative,neutral,0.5033240914344788,0.0461970679461956,0.5033240914344788,0.45047885179519653
this app is so good,positive,positive,0.6052696108818054,0.02222747914493084,0.37250298261642456,0.6052696108818054
doesn't work on my htc droid eris!! can't open pdf attached emails. uninstalling!!,negative,negative,0.9684849381446838,0.9684849381446838,0.02430056408047676,0.007214458659291267
it's very good app for android mobile s,positive,positive,0.8351583480834961,0.009205208159983158,0.15563641488552094,0.8351583480834961
temp is all wrong,neutral,negative,0.8806892037391663,0.8806892037391663,0.10261140018701553,0.016699308529496193
id's easy to use and very helpful,positive,positive,0.8860369324684143,0.009546716697514057,0.10441629588603973,0.8860369324684143
"it seems everytime we're about to get severe weather, the app stops working. radar doesn't work, storm tracking doesn't <url> most critical time for something to work is during or before a storm, such as we're supposed to get today. this app works great on bright, sunny <url> 't depend on it if a storm is brewing though. it will quit working on you.",neutral,neutral,0.4908079504966736,0.46852222084999084,0.4908079504966736,0.04066977649927139
i guess its just the world i live in???,negative,neutral,0.6057365536689758,0.0855075940489769,0.6057365536689758,0.30875587463378906
just an idea. when editing/creating my bitmoji i think it'd be neat to have the option to mix and match parts of different outfits together or even change colours of parts.,positive,positive,0.8212553262710571,0.01680101454257965,0.1619437038898468,0.8212553262710571
app is good. no weather forecast is <url> very vague predictions.,positive,neutral,0.7574343085289001,0.037561070173978806,0.7574343085289001,0.20500463247299194
cannot attach pictures to reviews,neutral,neutral,0.6199295520782471,0.33077067136764526,0.6199295520782471,0.049299728125333786
great weather app! easy to use and quick to load. only wish it was easy to find a forecast video on it.,positive,positive,0.9293248057365417,0.007606419734656811,0.06306882202625275,0.9293248057365417
issue on local wifi,neutral,neutral,0.5769748687744141,0.196616992354393,0.5769748687744141,0.22640809416770935
i dont like this app,negative,negative,0.6612505316734314,0.6612505316734314,0.28429388999938965,0.05445556342601776
on the right track,positive,positive,0.5485730767250061,0.05159120261669159,0.3998357355594635,0.5485730767250061
best app for browsing,positive,positive,0.8883565664291382,0.015364405699074268,0.09627899527549744,0.8883565664291382
needs a dark mode for the notification bar. hate the bright white glaring at me.,positive,neutral,0.7733478546142578,0.08564496040344238,0.7733478546142578,0.14100724458694458
"good app, but it doesn't support gif in android",positive,neutral,0.8247829675674438,0.05377570539712906,0.8247829675674438,0.12144128233194351
<salutation> i tried to sign in and i gave my email and password and from u a email also came but what next to <url> tried to click check again and continue but nothing happened,positive,negative,0.8773943185806274,0.8773943185806274,0.10518547147512436,0.017420237883925438
been using for several months now as a communication tool for various members of a nonprofit organization. it's only downfall that i can see are the occasional missed update alert and that there is no notification badge on the icon.,positive,positive,0.6033502817153931,0.05250522121787071,0.3441444933414459,0.6033502817153931
works for what i need,positive,positive,0.7803350687026978,0.03478720039129257,0.18487775325775146,0.7803350687026978
it's saying it's not up to date so i can't view my file. -htc evo,neutral,neutral,0.5129398107528687,0.43064606189727783,0.5129398107528687,0.056414101272821426
when you know how to use it it's pretty fun and useful same with adobe photoshop touch i have a ton of fun with that but you just have to know how to use it or it will not be fun that's why people are reading it for star i read it <number> stars i love it but only because i know how to use it,positive,positive,0.7698018550872803,0.018150638788938522,0.2120475172996521,0.7698018550872803
best app ever ( my opinion),negative,positive,0.9098160862922668,0.01180286519229412,0.07838108390569687,0.9098160862922668
doesn't tie your account to gmail - so every new phone (or reflash) you have to retype <url>,negative,negative,0.7817927002906799,0.7817927002906799,0.2026432454586029,0.015564076602458954
great application for team collaboration,positive,positive,0.935187041759491,0.012109439820051193,0.05270351096987724,0.935187041759491
"crash easily,make my phone <url> its a great <url> u!",positive,positive,0.47518855333328247,0.061158686876297,0.46365270018577576,0.47518855333328247
the menu bar above keyboard is annoying,positive,neutral,0.7077738046646118,0.19147072732448578,0.7077738046646118,0.10075546056032181
it's an essential tool.,positive,positive,0.9099787473678589,0.009798272512853146,0.0802229568362236,0.9099787473678589
this bbm doesnt work properly with the samsung notebook <number> . it is always showing limited bbm access. pls fix this,neutral,negative,0.8631076812744141,0.8631076812744141,0.12070896476507187,0.01618329808115959
"unless i open the app, i get no notifications even when my name is mentioned",negative,negative,0.7546737194061279,0.7546737194061279,0.22144854068756104,0.02387774921953678
it's good app but need more apps related chat process,positive,positive,0.6699444055557251,0.011834466829895973,0.3182210922241211,0.6699444055557251
"doesn't open all pdfs. i do a lot of work dealing with architectural plans. this does not render all of the pdfs (some open fine, others open blank).",negative,negative,0.6330282092094421,0.6330282092094421,0.3458986282348633,0.02107323706150055
quick way to book a motel when you need too,neutral,positive,0.8072028160095215,0.011243907734751701,0.18155325949192047,0.8072028160095215
can get out of the app by home button and use your <url> timer runs in the <url>,neutral,neutral,0.7191078066825867,0.1873830258846283,0.7191078066825867,0.09350921213626862
"honestly a joke compared to the desktop version of lightroom. i have one of the most powerful phones in existence and this app can't even scroll without lagging. i reinstalled today, <number> months later to find not only has nothing changed but my trial has expired and i now need to pay to use a laggy gimped version of software i already own.",negative,negative,0.8313515186309814,0.8313515186309814,0.14731447398662567,0.021333977580070496
better for <url> !!!! you will try <url> !!!!,neutral,neutral,0.6242396831512451,0.16659530997276306,0.6242396831512451,0.2091650515794754
backup feature was awesome,positive,neutral,0.4809457063674927,0.18955078721046448,0.4809457063674927,0.32950347661972046
amazing to use this one like superb,positive,positive,0.9279693365097046,0.01189049519598484,0.06014014407992363,0.9279693365097046
i can't post on any website.,neutral,negative,0.8050723671913147,0.8050723671913147,0.174973726272583,0.019953852519392967
want some other features,neutral,neutral,0.7083008289337158,0.0318136066198349,0.7083008289337158,0.2598855495452881
this app is not user friendly,neutral,negative,0.7259317636489868,0.7259317636489868,0.2476630061864853,0.026405295357108116
force closes <number> / <number> !,negative,negative,0.9414883852005005,0.9414883852005005,0.04581237584352493,0.01269918866455555
what a waste of this apps effort the image meta data are always show false info when export image to gallery,negative,negative,0.9639321565628052,0.9639321565628052,0.02885853312909603,0.007209307514131069
it's a nic app n helpful <url>,positive,positive,0.8589450716972351,0.008311044424772263,0.13274389505386353,0.8589450716972351
how to change time ??,neutral,neutral,0.5961045026779175,0.1916208267211914,0.5961045026779175,0.2122746706008911
it's ok but this new version is not so impressive,neutral,neutral,0.8223985433578491,0.018473276868462563,0.8223985433578491,0.1591281294822693
this is a good movie downloader,positive,positive,0.7777507305145264,0.014275343157351017,0.2079738825559616,0.7777507305145264
want my old avatar can't find it,negative,negative,0.7601272463798523,0.7601272463798523,0.20925180613994598,0.03062090463936329
best of pdf file app,positive,positive,0.8863361477851868,0.017886091023683548,0.09577776491641998,0.8863361477851868
i would have gave <number> stars if y'all had more cute outfits for the girls to wear that is seasonal appropriate,positive,positive,0.8973879218101501,0.01592385210096836,0.08668822795152664,0.8973879218101501
was ok but i can easily use other apps when i press home,negative,neutral,0.8254795074462891,0.04421212896704674,0.8254795074462891,0.1303083300590515
"useless. can't log in using the app at all. deleted and reinstalled several times, still no luck.",negative,negative,0.9698498845100403,0.9698498845100403,0.021795950829982758,0.00835414882749319
"easy to use, but if i plant a tree to grow and then leave the app it doesn't die. don't know if that's a bug in the app, but knowibg it won't die once i exit the app gives me no reason to stay focused",positive,neutral,0.7869043946266174,0.07957110553979874,0.7869043946266174,0.13352446258068085
cuts down on paper usage.,positive,negative,0.6151495575904846,0.6151495575904846,0.35003578662872314,0.034814681857824326
<salutation> then dropped it. and now the radar animation doesn't work.,negative,negative,0.9658158421516418,0.9658158421516418,0.026113929226994514,0.008070274256169796
"good idea, but too slow on android. much better on desktop.",negative,neutral,0.7708157300949097,0.0423121452331543,0.7708157300949097,0.18687215447425842
"like everything about it, except that the radar animation is a little clunky.",positive,neutral,0.6229279637336731,0.017585409805178642,0.6229279637336731,0.3594866991043091
it's the king when it comes on downloading from internet i really appreciate it,positive,positive,0.8865092396736145,0.01669110730290413,0.09679969400167465,0.8865092396736145
"i'm using uc browser from many years and its was amazing but from the last update i got, it get <url> everytime i open new site, it shows an error everytime. please fix this.",neutral,neutral,0.5060856938362122,0.430489718914032,0.5060856938362122,0.06342457979917526
cant install this app on my s <number> . error cant install in default location,negative,negative,0.9552903175354004,0.9552903175354004,0.03839060291647911,0.0063190464861691
needs to include precipitation estimates,neutral,neutral,0.8067155480384827,0.05037984251976013,0.8067155480384827,0.1429046243429184
new version is a step back,negative,neutral,0.46951112151145935,0.3061469495296478,0.46951112151145935,0.22434189915657043
great but watch little bug,neutral,positive,0.8556869626045227,0.01569589227437973,0.12861716747283936,0.8556869626045227
i love this app.,positive,negative,0.41082727909088135,0.41082727909088135,0.3102910816669464,0.27888163924217224
"love the idea, and as long as i didn't touch my phone notifications and such didn't ruin my progress. however if i try to exit out of the app (to use whitelisted apps like my calculator) then it 'killed' my trees.",neutral,neutral,0.5934592485427856,0.08721467852592468,0.5934592485427856,0.31932616233825684
"my mom found this before i did! i'm <number> and even i like it. lol great for all ages. you can make it look just like you to every detail, many clothes and accessory choices, and when you want to send a text to somebody they basically have everything you might want to say to somebody in a text or to reply back to somebody in a text message. plus cute little emojis of yourself doing things.",positive,positive,0.9453415274620056,0.009184313006699085,0.04547418653964996,0.9453415274620056
ads ads ads everywhere,neutral,negative,0.940153181552887,0.940153181552887,0.04895874112844467,0.010888034477829933
has gotten a bit better since last review. i really like the lightning strike display. helps me with my lightning photos,neutral,positive,0.9259147644042969,0.008770055137574673,0.06531514972448349,0.9259147644042969
i really enjoy it,positive,positive,0.8455672264099121,0.01595897413790226,0.13847380876541138,0.8455672264099121
i rely on accurate radar as i work outside everyday on a golf course. the daily and the hourly forecast constantly contradict each other though now and it's hard to figure out what the actual weather will be so i can only really rely on radar.,positive,positive,0.5417810678482056,0.04358619078993797,0.41463273763656616,0.5417810678482056
"i enjoyed it, but the app deleted all of my purchases, such as trees and sounds",neutral,positive,0.5649365782737732,0.034969478845596313,0.4000938832759857,0.5649365782737732
so far it's good,positive,positive,0.5702108144760132,0.0101117929443717,0.41967737674713135,0.5702108144760132
would like some custom messages when trees are planted,positive,positive,0.7181026339530945,0.015470346435904503,0.2664269804954529,0.7181026339530945
used to be good,negative,negative,0.7935773730278015,0.7935773730278015,0.1760099083185196,0.030412746593356133
make category select bradcast message!,neutral,positive,0.5008912086486816,0.10203378647565842,0.39707499742507935,0.5008912086486816
causes allot of problems will change dates etc when making a booking. prob better off staying with web page.,negative,neutral,0.6748693585395813,0.25432437658309937,0.6748693585395813,0.07080623507499695
reflow feature quirky. can't somehow help feeling suspicious it is bugridden inside.,negative,neutral,0.8009259700775146,0.0697847232222557,0.8009259700775146,0.12928923964500427
i don't <url> i can't understand this appp,neutral,negative,0.8598748445510864,0.8598748445510864,0.11571253836154938,0.024412652477622032
crashes on galaxy s,negative,negative,0.8131216168403625,0.8131216168403625,0.16270114481449127,0.024177230894565582
force closes all the time. from a company with a good to great rep. i had expected better,negative,neutral,0.455939382314682,0.1790315955877304,0.455939382314682,0.3650290369987488
great <url> ruined with ads,neutral,negative,0.8360630869865417,0.8360630869865417,0.12709398567676544,0.0368429496884346
worst experience at hotel,negative,negative,0.9579311609268188,0.9579311609268188,0.03200460225343704,0.010064251720905304
heating and battery problem,neutral,neutral,0.5503453612327576,0.3793942630290985,0.5503453612327576,0.07026035338640213
fed up with advertisements. oh my gosh. cannot tolerate this application anymore,negative,negative,0.9344965219497681,0.9344965219497681,0.056347403675317764,0.009156153537333012
this is the fastest app searching mode,positive,positive,0.8304614424705505,0.024460218846797943,0.1450783759355545,0.8304614424705505
"nice app for managing ongoing projects, teams, groups.",positive,positive,0.9467346668243408,0.006821064278483391,0.04644421488046646,0.9467346668243408
is not allways up to date with current weather.,positive,neutral,0.8142778873443604,0.0854991152882576,0.8142778873443604,0.10022293776273727
realy superrrr <url> saver app,positive,positive,0.6513589024543762,0.04873880371451378,0.2999022305011749,0.6513589024543762
<number> day trial? and then creative cloud?,negative,negative,0.9157052040100098,0.9157052040100098,0.06631622463464737,0.017978504300117493
the print button keeps shutting itself down,positive,negative,0.47736063599586487,0.47736063599586487,0.45873820781707764,0.06390111148357391
average performance in download,neutral,neutral,0.6531517505645752,0.277122437953949,0.6531517505645752,0.06972582638263702
animation on radar stopped,negative,negative,0.9558682441711426,0.9558682441711426,0.03554666042327881,0.008585123345255852
"so far so good. surfing is made enjoyably interesting, thumb ups.",positive,positive,0.8761733174324036,0.008138000965118408,0.11568865925073624,0.8761733174324036
bbm sucks on my galaxy s <number> mini .,negative,negative,0.9490228891372681,0.9490228891372681,0.0409623421728611,0.01001470722258091
what did i download?,negative,negative,0.8571279048919678,0.8571279048919678,0.12257077544927597,0.020301256328821182
my favourite editing apl,positive,positive,0.884188175201416,0.025101518258452415,0.09071029722690582,0.884188175201416
so easy to use and appropriate advice,positive,positive,0.9318690896034241,0.007628887891769409,0.06050199642777443,0.9318690896034241
doesn't work properly.,negative,negative,0.9498056173324585,0.9498056173324585,0.04169544577598572,0.008498945273458958
"generally good, sometimes price filter doesn't work well.",positive,neutral,0.5211279988288879,0.0134334247559309,0.5211279988288879,0.465438574552536
love this app pretty accurate,positive,positive,0.9156356453895569,0.020460883155465126,0.06390348076820374,0.9156356453895569
as much as <number> degrees off!,negative,neutral,0.5950844287872314,0.19856438040733337,0.5950844287872314,0.20635119080543518
used to be good,negative,negative,0.7935773730278015,0.7935773730278015,0.1760098785161972,0.030412746593356133
"this app helps me be productive, but since the update, i can't plant the trees i had previously bought.",positive,neutral,0.6685545444488525,0.030258964747190475,0.6685545444488525,0.3011864721775055
dell streak:force close sometimes. blank pages sometimes. need bookmark feature and ability to continue from last read page.,neutral,neutral,0.62649005651474,0.3231993317604065,0.62649005651474,0.050310637801885605
"if your in a hurry, i'd recomed calling, it takes a wile to fill out the information.",neutral,neutral,0.7310593724250793,0.0419950932264328,0.7310593724250793,0.22694554924964905
good but not good as web version,positive,neutral,0.7671240568161011,0.0801505446434021,0.7671240568161011,0.1527254432439804
problems working over wi-fi,negative,neutral,0.6742175817489624,0.26773887872695923,0.6742175817489624,0.05804353207349777
it's ads all the way,negative,negative,0.7250926494598389,0.7250926494598389,0.23270808160305023,0.04219928756356239
no password support <url>,negative,negative,0.8494415283203125,0.8494415283203125,0.13290856778621674,0.017649928107857704
"good, but not perfect",neutral,neutral,0.7594082951545715,0.0354316346347332,0.7594082951545715,0.20516009628772736
i wish it would work offline,positive,neutral,0.7586134672164917,0.03791434317827225,0.7586134672164917,0.20347221195697784
cloud based apps do not work for me. with pathetic network services in our region it becomes frustrating to use. pity. will have to uninstall,negative,negative,0.964351236820221,0.964351236820221,0.028987979516386986,0.006660755258053541
"so disappointed with this app! why would you delete an entire account without any warnings? see i'm not mad that you deleted my account because i had iran's ip address, i'm mad because you didn't even bothered to give me a chance to take back up of my files! do you understand how unprofessional this is? so disappointed!",negative,negative,0.9557704329490662,0.9557704329490662,0.03750067949295044,0.006728902459144592
this app is good,positive,positive,0.5832562446594238,0.020184187218546867,0.39655962586402893,0.5832562446594238
"slow, laggy performance. thinkfree office opens my pdfs and allows smooth transitions and zooming.",negative,negative,0.7266917824745178,0.7266917824745178,0.25331056118011475,0.01999768242239952
since the update the radar doesn't work <url>,negative,negative,0.9493828415870667,0.9493828415870667,0.04066742584109306,0.00994977355003357
"like the app, but could you please remove the external storage permission when i want to take a picture? i don't like granting apps dangerous permissions and i know you don't need it if you use the file provider api. <signature>",negative,neutral,0.6439311504364014,0.05352465435862541,0.6439311504364014,0.3025442063808441
there is no print option i can find.,neutral,neutral,0.5317798256874084,0.41737237572669983,0.5317798256874084,0.050847768783569336
<url> the picture size on bbm group is too small sometime not clear. also incoming bbm call is not detected or not showed in galaxy gear s <number>,positive,neutral,0.662615954875946,0.16621461510658264,0.662615954875946,0.17116940021514893
got stuck on trying to confirm my booking and i lost the accommodation. after that force crash. uninstall. htc desire,negative,negative,0.9660388231277466,0.9660388231277466,0.02743823081254959,0.0065229483880102634
please fix the radar,negative,negative,0.6067469716072083,0.6067469716072083,0.32434168457984924,0.06891137361526489
"good adjustment, bad storage",neutral,neutral,0.8351086378097534,0.037110209465026855,0.8351086378097534,0.12778112292289734
coming from adobe this is absolute garbage. fails to open pdf files. it was only <number> kb. garbage.,negative,negative,0.9701929092407227,0.9701929092407227,0.023318538442254066,0.006488506682217121
after i updated the new bbm version always getting <url> sometime the messages pending without ceklis my friend send in the morning but the messages coming after <number> or <number> hour <url> i saw on the messages the time when he send me a messages and this made my planning <url> should i didn't upgraded <url>,negative,neutral,0.5946580767631531,0.0844566747546196,0.5946580767631531,0.3208853304386139
new update ruined the app,negative,negative,0.9610051512718201,0.9610051512718201,0.028622018173336983,0.01037288736552
a widget would be nice,positive,neutral,0.6543958783149719,0.03291064500808716,0.6543958783149719,0.31269344687461853
there are ads now?,neutral,negative,0.6713762283325195,0.6713762283325195,0.2741641402244568,0.05445968732237816
difficult when on vacation,positive,neutral,0.7699746489524841,0.0521669015288353,0.7699746489524841,0.17785850167274475
notifications are bonkers. (will give <number> once fixed),negative,negative,0.5289241671562195,0.5289241671562195,0.4216420352458954,0.04943379387259483
can't add new locations,neutral,neutral,0.7906168699264526,0.11537689715623856,0.7906168699264526,0.09400622546672821
nice tool for inter-team communication,positive,positive,0.9406619668006897,0.00796806626021862,0.051369983702898026,0.9406619668006897
it's download video very fast and all other thing,positive,positive,0.8632539510726929,0.015145809389650822,0.12160027027130127,0.8632539510726929
"veru useful app only when used with its <number> rd-party integrations, yet flock is much better alternative for having more free features.",positive,neutral,0.5694672465324402,0.035737294703722,0.5694672465324402,0.39479541778564453
doesn't <url> i'll go on other apps and the tree still <url> little i inventive to actually stay off the phone,negative,negative,0.6777835488319397,0.6777835488319397,0.30278950929641724,0.01942695491015911
"when ever i update app,it won't work and i lost my all data many times",negative,negative,0.9545878767967224,0.9545878767967224,0.038619861006736755,0.006792220287024975
doesn't work much! where's the <number> version???,negative,negative,0.8711550235748291,0.8711550235748291,0.11439613252878189,0.014448878355324268
nice app fast downloading,positive,positive,0.8754072785377502,0.007468082942068577,0.11712466925382614,0.8754072785377502
"the app is great, it's fun and helpful, tho when you click the home button, it doesn't die. you could fix that",positive,positive,0.8709955811500549,0.008219512179493904,0.12078492343425751,0.8709955811500549
"easy to use, always <url> when you book thrue them, they will charge you too much.",neutral,positive,0.8420271873474121,0.012033224105834961,0.1459396481513977,0.8420271873474121
there is no jump to page option so you have to flip through every single page! its a big waste of time.,negative,negative,0.9294339418411255,0.9294339418411255,0.061822883784770966,0.008743063546717167
great and easy to use,positive,positive,0.9357395172119141,0.012530416250228882,0.05173012614250183,0.9357395172119141
"cloud subscription, no <signature>",negative,negative,0.9320017099380493,0.9320017099380493,0.05680393800139427,0.011194326914846897
great app to focus!,positive,positive,0.8934510350227356,0.018615635111927986,0.08793329447507858,0.8934510350227356
pay when you arrive. err no,neutral,negative,0.8146438002586365,0.8146438002586365,0.16536258161067963,0.01999363675713539
great apps for great team,positive,positive,0.932063639163971,0.012585774064064026,0.055350616574287415,0.932063639163971
i like the appl because it connect me to a lot of people in my office,positive,positive,0.920482337474823,0.009187212213873863,0.07033047825098038,0.920482337474823
can't open my bbm after updated,negative,negative,0.9341763257980347,0.9341763257980347,0.05620885267853737,0.009614822454750538
cannot use for flash <url>,neutral,negative,0.6486173272132874,0.6486173272132874,0.326714426279068,0.024668244644999504
won't work with my text messages and have to start a new conversation to use it in messenger,neutral,negative,0.9589540958404541,0.9589540958404541,0.03436936065554619,0.006676524877548218
it crashes every time,positive,negative,0.9147687554359436,0.9147687554359436,0.06944957375526428,0.015781709924340248
great app for group family communication across multiple types of devices and countries,positive,positive,0.9482970237731934,0.012215663678944111,0.039487287402153015,0.9482970237731934
it was great radar sucks now,negative,negative,0.9637102484703064,0.9637102484703064,0.028139373287558556,0.008150427602231503
missing a tablet version,neutral,neutral,0.6708050966262817,0.15079554915428162,0.6708050966262817,0.17839941382408142
the browser is used very fast connecting browser,positive,positive,0.6583443284034729,0.04906873032450676,0.29258689284324646,0.6583443284034729
i want a etc wallet that's all i want to invest <url>,negative,negative,0.4810796082019806,0.4810796082019806,0.42152470350265503,0.09739568084478378
not so much but good,positive,neutral,0.7934155464172363,0.03239094465970993,0.7934155464172363,0.17419356107711792
well the app is kinda <url>,positive,neutral,0.6182499527931213,0.044129498302936554,0.6182499527931213,0.3376205563545227
the program is very slow and can be unresponsive. there is no bookmake setting. pages take a very long time to load even when zooming in and out.,negative,neutral,0.6924840807914734,0.2649376392364502,0.6924840807914734,0.04257824271917343
totally invasive and inappropriate for development. it kept people talking for every detail for hours. kill innovation and efficiency. cannot replace skype so another chat cheater. a waist of time in communication. one good point if you can make your competitors to use it. they will collapse.,negative,negative,0.9640676379203796,0.9640676379203796,0.02808872051537037,0.007843728177249432
i love it. but i think it would be better to add angle correction as well is needed sometimes and i don't like having to use other apps to do this.,neutral,positive,0.8927817940711975,0.01132568996399641,0.09589256346225739,0.8927817940711975
the emoticon not <url> :'(,neutral,neutral,0.5781352519989014,0.2679795026779175,0.5781352519989014,0.15388530492782593
good app. had full version but they took it away. would like it back. radar not working. layers are not working. must be a weather bug.,neutral,negative,0.6194953322410583,0.6194953322410583,0.34093934297561646,0.03956525772809982
can't import my booking? what's the point of getting this app? anyone?,negative,negative,0.8921982049942017,0.8921982049942017,0.09450452029705048,0.013297352008521557
"the app sometimes gets stuck on a certain temperature and you have to actually click on the app to get the correct temperature to pop up, but at least with this app i can actually get the <number> -day and hourly forecast pages to load which is something i can't get with accuweather. so i guess what i'm saying is it's probably the <signature>",positive,neutral,0.6112626791000366,0.032353609800338745,0.6112626791000366,0.356383740901947
"great, but occasionally crashes",positive,positive,0.6429495215415955,0.028522398322820663,0.3285280764102936,0.6429495215415955
"crap, takes ages to loads and lags on all docs, standard pdf viewer much better",negative,negative,0.9535475969314575,0.9535475969314575,0.03847872093319893,0.007973754778504372
it stops working frequently,neutral,negative,0.5361382961273193,0.5361382961273193,0.4064328372478485,0.057428859174251556
like it more than most weather apps i've tried. would recommend!,positive,positive,0.9261108040809631,0.007140807341784239,0.06674843281507492,0.9261108040809631
stupid trees. too much green. too cute. memory hog. deleted it.,negative,negative,0.9639947414398193,0.9639947414398193,0.028766242787241936,0.007238926365971565
plz add readout loud feature in application,positive,positive,0.5501506328582764,0.053829144686460495,0.39602020382881165,0.5501506328582764
"give error, stuck onopening",negative,negative,0.9077138900756836,0.9077138900756836,0.08138828724622726,0.010897865518927574
the radar map only shows past not current,neutral,negative,0.7031461596488953,0.7031461596488953,0.24703364074230194,0.049820173531770706
"the worst, the most bugged app that i've ever seen in my life! always crashing for no reason!",negative,negative,0.9669076204299927,0.9669076204299927,0.02462010085582733,0.008472256362438202
this does not work with my phone i exited the app for ages and my tree still grew.,negative,negative,0.9679190516471863,0.9679190516471863,0.025128748267889023,0.006952119059860706
the application is too slow. sometimes it just wont select the options.,neutral,neutral,0.8255672454833984,0.07875823229551315,0.8255672454833984,0.0956745371222496
useless doesn't open email attachments on lg optimus,negative,negative,0.966589629650116,0.966589629650116,0.02565307542681694,0.007757316343486309
its a very good app,positive,positive,0.7645182013511658,0.011387920938432217,0.22409383952617645,0.7645182013511658
good up to date service,neutral,positive,0.6955756545066833,0.00977388583123684,0.29465049505233765,0.6955756545066833
luv it but u should allow us <number> make more than one character then i'll give u <number>  's,neutral,neutral,0.7716849446296692,0.05840625241398811,0.7716849446296692,0.1699087917804718
"app does what it has to do, but would it be possible to implement a harder way to cancel the growth of your tree? now it takes about <number> seconds. you could make another cancel button which you have to press for <number> minute without releasing it to unlock your phone. gives you time to think if you really need to unlock it. <signature>",neutral,neutral,0.6380259394645691,0.03108464553952217,0.6380259394645691,0.33088940382003784
need full raw hdr for lg v <number> !!!,neutral,neutral,0.7729761004447937,0.07452388107776642,0.7729761004447937,0.15250003337860107
it wont even let me log in!!!,negative,negative,0.9678571820259094,0.9678571820259094,0.02344914712011814,0.008693668060004711
wouldn't search any locations.,negative,negative,0.9271820187568665,0.9271820187568665,0.06377571821212769,0.009042246267199516
new version is not intuitive.,negative,neutral,0.5419244170188904,0.30479544401168823,0.5419244170188904,0.15328018367290497
image previews don't work,positive,negative,0.7785342335700989,0.7785342335700989,0.1984356790781021,0.023030096665024757
"its great, just too many ads",positive,positive,0.6011469960212708,0.03374287486076355,0.3651101291179657,0.6011469960212708
radar has stopped working,negative,negative,0.918103814125061,0.918103814125061,0.06509903073310852,0.016797225922346115
has been treating me well for years,positive,neutral,0.49027296900749207,0.056700121611356735,0.49027296900749207,0.4530268609523773
animated radar not working,negative,negative,0.95579993724823,0.95579993724823,0.03495943173766136,0.00924060121178627
problems with internet connection s <number> edge,neutral,neutral,0.6500617861747742,0.27571213245391846,0.6500617861747742,0.07422616332769394
"another login and account needed, mediocre editing",negative,negative,0.6042724847793579,0.6042724847793579,0.3575015366077423,0.0382259376347065
i need a tab for news language i don't want it to be default for the place i live in my native language may be different. please look into it,positive,neutral,0.66395503282547,0.08136533945798874,0.66395503282547,0.2546796500682831
"idea is nice, <url>",neutral,neutral,0.7040922045707703,0.08608251810073853,0.7040922045707703,0.2098252922296524
useless and hang in itself,negative,negative,0.9623674750328064,0.9623674750328064,0.025710321962833405,0.011922132223844528
lagging on nvidia shield tablet,neutral,neutral,0.5813420414924622,0.32214441895484924,0.5813420414924622,0.09651358425617218
less taps &gt; more taps is not always true! this update clutters up the mobile app and looks horrible! bring back the drop down menu.,positive,negative,0.9013676047325134,0.9013676047325134,0.08439444750547409,0.014237971976399422
great mobile app for a great platform,positive,positive,0.9173223376274109,0.015040154568850994,0.06763757765293121,0.9173223376274109
easiest way to keep all my accommodation details with me when i travel.,positive,positive,0.9093409180641174,0.007480415981262922,0.08317869901657104,0.9093409180641174
"there is no way to search or jump to the pages i want. so, in a <number> page document, i have to page down until i get to where i want. very poor!",neutral,negative,0.964638352394104,0.964638352394104,0.02852807752788067,0.006833506282418966
crashes on z <number> compact,neutral,neutral,0.5179255604743958,0.4275588393211365,0.5179255604743958,0.054515596479177475
"can't delete any of the pdf files! someone ,help mytouch <number> g",neutral,neutral,0.7027707099914551,0.08047740906476974,0.7027707099914551,0.21675187349319458
somethings wrong with this app,positive,negative,0.6779537200927734,0.6779537200927734,0.283546507358551,0.03849974274635315
well organized app. offers better deals than the hotel itself.,positive,positive,0.8919708728790283,0.011250373907387257,0.09677878767251968,0.8919708728790283
faster than other app,positive,positive,0.6472026705741882,0.03272333741188049,0.3200739622116089,0.6472026705741882
"decent, but needs ability to define custom notification sound. the built-in ones are too quiet and the 'device default' is too general.",positive,neutral,0.7869810461997986,0.019602632150053978,0.7869810461997986,0.1934162825345993
"if you have difficulties staying focussed, then this is definitely the app for you. as trivial as it sounds, there's a real sense of satisfaction in seeing your forest grow the more time you log. the only thing i would say which could be added is social email support or facebook integration, which i believe is already a feature on the ios version. some of my friends are using it too, and seeing their forests grow (perhaps even on some kind of map next to mine?) would add an element of healthy competition!",positive,positive,0.7378299236297607,0.014522669836878777,0.24764743447303772,0.7378299236297607
would be better with out ads,positive,neutral,0.7265353798866272,0.0672345906496048,0.7265353798866272,0.2062300443649292
<number> star 'coz why we have to request hd quality picture first? oh <url> nobody need bad quality picture. washing <url> another chat app more better !!,neutral,neutral,0.5660977959632874,0.14764924347400665,0.5660977959632874,0.2862529754638672
"my screen goes off, but when i unlock my phone, my tree dies. makes the app pointless as it forces me to keep the screen on which is distracting. great concept though.",neutral,neutral,0.6306294798851013,0.31337520480155945,0.6306294798851013,0.055995382368564606
it will be better if the apps allow users to listen music while studying or doing their things,positive,positive,0.58665531873703,0.01718486286699772,0.3961597979068756,0.58665531873703
the app is free on android but why can't i use my new unlocked tree?!,negative,neutral,0.5530232787132263,0.33163878321647644,0.5530232787132263,0.11533789336681366
"not ideal, but better than a few other ""freeware"" options there with lots of adds or crappy ui.",positive,neutral,0.8035949468612671,0.029487425461411476,0.8035949468612671,0.1669175624847412
add break or pause option plz,positive,positive,0.5442585349082947,0.027009306475520134,0.4287321865558624,0.5442585349082947
good effort <url> try to send correct notification of the news or story.,positive,positive,0.754132866859436,0.010692129842936993,0.23517505824565887,0.754132866859436
doesn't work keeps saying bad internet connection but all other apps work.,negative,negative,0.7101374268531799,0.7101374268531799,0.2663366496562958,0.023525891825556755
did not install this app. all i did was update my phone and it was there and i can delete it! very annoying!!!,negative,negative,0.9562415480613708,0.9562415480613708,0.03678979352116585,0.006968627218157053
last updates causing problems.,neutral,neutral,0.5023893713951111,0.4251820743083954,0.5023893713951111,0.07242851704359055
"stupid app many many ads ,don't download this app",negative,negative,0.9686437845230103,0.9686437845230103,0.023442985489964485,0.007913212291896343
too much buz for nothing so special.,negative,neutral,0.7069607973098755,0.2037256807088852,0.7069607973098755,0.0893135815858841
simple but effective app to end smartphone addiction,positive,positive,0.7771316766738892,0.012857682071626186,0.21001067757606506,0.7771316766738892
technology at its <signature>,positive,positive,0.7504147887229919,0.05184870958328247,0.19773651659488678,0.7504147887229919
"editing is all about precision, of which this isn't good at. trying to crop is like throwing stones at a picture frame on a wall and hoping it sticks. when you get it you accidently press another button and all the work is <url> still needs some refining",neutral,neutral,0.6928121447563171,0.040205854922533035,0.6928121447563171,0.26698198914527893
used to love <url>,neutral,negative,0.8200279474258423,0.8200279474258423,0.15725447237491608,0.022717531770467758
bbm is really gud,positive,neutral,0.47628292441368103,0.25138017535209656,0.47628292441368103,0.2723369002342224
still a good app,neutral,neutral,0.6121749877929688,0.0222336258739233,0.6121749877929688,0.36559146642684937
"looks nice but the live radar always zooms in to close, i like to see the entire area around my location.",positive,positive,0.7324426174163818,0.01057575736194849,0.25698161125183105,0.7324426174163818
creeping permissions. no <signature>,negative,negative,0.9212367534637451,0.9212367534637451,0.06550566107034683,0.013257543556392193
don't expect to be productive on the tube,negative,neutral,0.6514759063720703,0.3018561899662018,0.6514759063720703,0.04666794463992119
huge apo. does not have move to sd card. standard reader v. good. uninstalling.,negative,negative,0.9668708443641663,0.9668708443641663,0.02610963210463524,0.00701958267018199
too many push and price not clear,neutral,negative,0.6362793445587158,0.6362793445587158,0.32415714859962463,0.039563506841659546
great app but updated the app but the bug is still there where the animation plays without accessing the app so you have to tap screen to gain access to home screen. that bug has been there forever please fix!,neutral,neutral,0.6900965571403503,0.10029676556587219,0.6900965571403503,0.20960664749145508
like it but need better notification settings,positive,positive,0.5794728398323059,0.014379197731614113,0.40614792704582214,0.5794728398323059
being a motorcycling enthusiast i like to know where the rain is and what direction it's heading.,positive,positive,0.9047208428382874,0.01501484401524067,0.08026429265737534,0.9047208428382874
radar no longer works,negative,negative,0.967095673084259,0.967095673084259,0.024231750518083572,0.008672572672367096
why i cannot play my download video?,neutral,neutral,0.4953427016735077,0.4107217788696289,0.4953427016735077,0.093935526907444
as an alternative in contacting people,positive,positive,0.7675955295562744,0.02264462411403656,0.20975983142852783,0.7675955295562744
crashes all the time tells you there is no memory even on sd card. won't let you use if you decline push notifications,negative,negative,0.822096049785614,0.822096049785614,0.16372862458229065,0.01417534239590168
what's the point?,negative,negative,0.8657515645027161,0.8657515645027161,0.10896499454975128,0.025283461436629295
"i used to really love this browser but now it's just annoying .when i download files sometimes it tells me ""file doesn't exist"" and i have to redownload ,plus it lags .",negative,neutral,0.6688985228538513,0.25902101397514343,0.6688985228538513,0.07208043336868286
its good but i think it should add like fortnite emojis or other characters,positive,positive,0.5180946588516235,0.010367420502007008,0.47153791785240173,0.5180946588516235
its good but now a days it slow,neutral,neutral,0.7343868613243103,0.019412558525800705,0.7343868613243103,0.2462005764245987
"the emojis you can make out of it are great! however, it would be nice to implement the character doing different kinds of sports. also the app didn't have my face shape, hairstyle, and the mouth was too big for me. basically i had to go with what i could find that looked the most like me, and a bunch of people still thought that the bitmoji looked nothing like me. something else i'd like to add is that maybe for the female character, put some outfits that are t-shirts and moderate shorts, not just short shorts. i couldn't find my usual attire because of that. overall, my bitmoji only looks a bit like me so if you guys can change the face, costumes, and facial features to let more people have an accurate character, it'd be great. <signature>",positive,positive,0.5832638740539551,0.02532174251973629,0.3914143741130829,0.5832638740539551
throw this app to garbage,negative,negative,0.9537087082862854,0.9537087082862854,0.03554782643914223,0.010743398219347
very nice and helpful <url> luving <url>,positive,positive,0.8874896168708801,0.010412565432488918,0.10209783166646957,0.8874896168708801
it will be better if there will be option to archive a chat,positive,positive,0.5037722587585449,0.01841822639107704,0.4778095781803131,0.5037722587585449
requesting to build a bigger forest!,positive,negative,0.893805980682373,0.893805980682373,0.09017644077539444,0.016017600893974304
stop the stupid ads,negative,negative,0.931369423866272,0.931369423866272,0.05223918333649635,0.016391374170780182
spark lightening no longer working,neutral,negative,0.8674800992012024,0.8674800992012024,0.10964713990688324,0.022872840985655785
"slowly slowly you are making it worst app but it's your app you can do anything after all you are communist. see i don't like your inbuilt pdf viewer,video viewer app so allow user to use apps like adobe pdf reader and mx <url> and the new problem is the facebook video is not working <url> earlier i have given <number> star rating but now you are decreasing quality <url>",negative,negative,0.5236207246780396,0.5236207246780396,0.4085501730442047,0.06782910227775574
doesn't export my photos most of the time,neutral,negative,0.7217618823051453,0.7217618823051453,0.2603117525577545,0.01792643405497074
still need to improve,positive,neutral,0.5833756923675537,0.03342658653855324,0.5833756923675537,0.38319769501686096
no philippine peso currency?,neutral,negative,0.7852306962013245,0.7852306962013245,0.1921759694814682,0.02259332314133644
"i downloaded this app specifically to merge photos together on my backpacking adventures whilst eliminating the need for a laptop. sadly, it does not have the function to merge photos for panoramic or hdr.",neutral,neutral,0.5329232811927795,0.42090538144111633,0.5329232811927795,0.046171363443136215
"pretty effective but i just noticed it doesn't pick up the usage of one of my most distracting apps (bacon reader for reddit). i was on it and thought oh no my tree! opened up to find it wasn't triggered. double checked my white list etc, everything was proper. if it doesn't block that it becomes pretty useless in my eyes",positive,neutral,0.7607938647270203,0.05491055175662041,0.7607938647270203,0.18429560959339142
"awesome app. it would be sooo useful to have one button access to the lastest posts accross all channels and all workgroups, i find im spending much time digging around for the latest posts.",positive,positive,0.9276954531669617,0.008798472583293915,0.06350605189800262,0.9276954531669617
its good and so easy to use,positive,positive,0.7632855772972107,0.00927560031414032,0.2274387627840042,0.7632855772972107
this isn't as good as it's siblings,negative,neutral,0.6549947261810303,0.2461022585630417,0.6549947261810303,0.09890294820070267
app is good service,neutral,neutral,0.5097512602806091,0.03512005880475044,0.5097512602806091,0.4551286995410919
app thinks i am a man :'),negative,neutral,0.4976254105567932,0.31902310252189636,0.4976254105567932,0.18335142731666565
will not work correctly. i tryed to set the map in motion and it will not move!,negative,negative,0.9637836217880249,0.9637836217880249,0.0285628829151392,0.007653507404029369
super cute but kind of difficult to use on the spot.,positive,positive,0.6784404516220093,0.01853700540959835,0.30302250385284424,0.6784404516220093
"nice, but couldn't find night mode.",positive,neutral,0.6919792890548706,0.02642689272761345,0.6919792890548706,0.28159385919570923
"insanely unreliable - wont let me accept invites to other workspaces nor will this application even show me the invite - login inconsistency, i can auto-login with the app but when i type my password in non-app login screens it wont work. its the same password i use for other applications and i successfully login each time.",negative,negative,0.9514659643173218,0.9514659643173218,0.041742246598005295,0.006791809108108282
cant search without creating an account! they need your email so the can sell it to spammers! unistall!,negative,negative,0.9679825305938721,0.9679825305938721,0.024803172796964645,0.00721438555046916
only good not <signature>,neutral,neutral,0.7687126994132996,0.10686951875686646,0.7687126994132996,0.12441782653331757
it is a waste app and waste of time. it is only useful for downloading the movies,positive,negative,0.9618591070175171,0.9618591070175171,0.030368344858288765,0.007772460579872131
it's fast and i can always use it to download,positive,positive,0.8800497651100159,0.008979584090411663,0.1109706312417984,0.8800497651100159
have to use and see,neutral,negative,0.6088723540306091,0.6088723540306091,0.3443572223186493,0.0467703677713871
good but some issues,positive,neutral,0.5736783742904663,0.013188855722546577,0.5736783742904663,0.41313275694847107
plz see sex movies it's nice in this,neutral,positive,0.5957874059677124,0.023109713569283485,0.38110291957855225,0.5957874059677124
wont open. it always crashes and my phone reports it having multiple errors in <number> week,negative,negative,0.9596595764160156,0.9596595764160156,0.03271974250674248,0.007620662916451693
fcs on a <number> page pdf. really?! even on my stock evo that's awesome? this reminds me of flash player on my laptop- always causing problems. adobe = crap,negative,negative,0.5050002336502075,0.5050002336502075,0.4291853904724121,0.06581438332796097
"the worst app ever can't download a single <url> my downloads have been ""unsuccessful""",negative,negative,0.9701115489006042,0.9701115489006042,0.022469481453299522,0.007418985944241285
needs text search and in-document link support.,neutral,neutral,0.8365441560745239,0.06690757721662521,0.8365441560745239,0.0965481847524643
it's a great app. love it and good job,neutral,positive,0.9069122076034546,0.019148817285895348,0.07393893599510193,0.9069122076034546
"sometimes wonky when on wifi, but that could be internet connection issue. also wants to have high accuracy location on which will drain your phone quickly.",neutral,neutral,0.850384533405304,0.06449609994888306,0.850384533405304,0.08511940389871597
why am i now seeing ads? lame!,negative,negative,0.9585936665534973,0.9585936665534973,0.033223699778318405,0.008182627148926258
you had one job,positive,negative,0.793748676776886,0.793748676776886,0.17292799055576324,0.033323366194963455
"it would be nice if there was an option to record voice messages.    nuisance: when i press 'backwards' in my android, i am thrown out of the app, instead of going backwards to the messages list.    nuisance: i don't see a list of last messaged people in chronological order but randomly. this drives me <url>",neutral,neutral,0.776158332824707,0.03052157536149025,0.776158332824707,0.1933201253414154
not replacement for the desktop app,neutral,neutral,0.6715837717056274,0.10598981380462646,0.6715837717056274,0.22242635488510132
great app to communicate with family and friends.,positive,positive,0.9426145553588867,0.010537860915064812,0.046847593039274216,0.9426145553588867
best chat application ever,neutral,positive,0.913108766078949,0.0186981912702322,0.06819302588701248,0.913108766078949
good app bt needs new features,neutral,positive,0.5306497812271118,0.015626491978764534,0.4537237882614136,0.5306497812271118
it requires access permission n i dont know from where to turn on so can u plz tell m!!,neutral,negative,0.9120766520500183,0.9120766520500183,0.07865605503320694,0.009267349727451801
uffff!!!! plzz don't downloaded this,negative,negative,0.9323202967643738,0.9323202967643738,0.055076319724321365,0.01260337419807911
good <url> lacks some essential features,positive,neutral,0.6814121603965759,0.0154895493760705,0.6814121603965759,0.30309829115867615
"the app is ok but the camera should no have any sound when you take photos, that problem is quite annoying",neutral,neutral,0.8395451307296753,0.02475551702082157,0.8395451307296753,0.13569937646389008
installation corrupts gmail db on n <number> android <number> . <number>,negative,negative,0.93279629945755,0.93279629945755,0.05632586032152176,0.010877820663154125
i think it's a great start app!,positive,positive,0.7995377779006958,0.011803561821579933,0.18865865468978882,0.7995377779006958
radar has been freezing and not moving for last month. deleted it after all this time. pos!!!,negative,negative,0.9698935151100159,0.9698935151100159,0.023977139964699745,0.006129412446171045
ok till it goes wrong,neutral,neutral,0.8200640082359314,0.07944142073392868,0.8200640082359314,0.10049455612897873
i rely on weatherbug every day.,positive,positive,0.8463155031204224,0.01752437651157379,0.13616017997264862,0.8463155031204224
"love this app, especially the lightening strike tracker.",positive,positive,0.9028289318084717,0.02460966818034649,0.07256137579679489,0.9028289318084717
there's still more to it.,positive,positive,0.4706026613712311,0.06550312042236328,0.46389421820640564,0.4706026613712311
very basic and subscription based,negative,negative,0.611448347568512,0.611448347568512,0.3255467712879181,0.06300488114356995
no words great app,positive,negative,0.6755989789962769,0.6755989789962769,0.270115464925766,0.05428556352853775
"im not use as well, i think it is bad application, i dont like.",negative,negative,0.6784217357635498,0.6784217357635498,0.2837080657482147,0.037870194762945175
keeps saying photos not found whwn trying to send/ attach to people. using a note <number> <url> its not <url> it <url> pwrfect for what application i needed it for. will try again when i get new phone in a couple weeks.,negative,negative,0.7791744470596313,0.7791744470596313,0.19991691410541534,0.020908605307340622
helpful for book reading,positive,positive,0.8936691880226135,0.008090822957456112,0.0982399582862854,0.8936691880226135
sometimes slow but yet efficient.,positive,positive,0.7618429064750671,0.01221348438411951,0.2259436398744583,0.7618429064750671
for some reason the keyboard doesn't work on my phone. and i can't do couple's bitmojis with my wife. but it's fun to use with her anyhow,positive,neutral,0.49281376600265503,0.019934823736548424,0.49281376600265503,0.4872513711452484
make anoying bc different ring with chat ring,neutral,positive,0.679897665977478,0.0461614653468132,0.2739408612251282,0.679897665977478
"please make the browser application sync-able with android phones. i was able to sync a few days ago, but now it only syncs with an ios account.",positive,neutral,0.7230297923088074,0.10949232429265976,0.7230297923088074,0.16747796535491943
great app. would have been a <number> if avatar could be edited,neutral,positive,0.7932000160217285,0.017042584717273712,0.18975739181041718,0.7932000160217285
poor cousin to the desktop app,neutral,negative,0.8518062233924866,0.8518062233924866,0.12263640761375427,0.025557436048984528
i get notification for update but i can't update my bbm. please fix it.,neutral,neutral,0.7005144357681274,0.15090149641036987,0.7005144357681274,0.14858409762382507
it wont let me download its saying it is but not getting it,negative,negative,0.9486099481582642,0.9486099481582642,0.04290046915411949,0.008489590138196945
force closed zenfone <number>,negative,negative,0.9108018279075623,0.9108018279075623,0.069793201982975,0.019404929131269455
cloud service only idea bites,negative,neutral,0.5623930096626282,0.19263803958892822,0.5623930096626282,0.244968980550766
i can't sign <url> :'(,neutral,negative,0.6770662069320679,0.6770662069320679,0.27267998456954956,0.05025382712483406
horrible for one reason,negative,negative,0.9545831084251404,0.9545831084251404,0.034692537039518356,0.010724388062953949
<salutation> opening unwanted liks,negative,negative,0.5215057134628296,0.5215057134628296,0.3833100497722626,0.09518427401781082
won't let me end chat,negative,negative,0.8948039412498474,0.8948039412498474,0.08821927011013031,0.01697675883769989
"nice, but flow could be better.",positive,positive,0.5369483828544617,0.012763588689267635,0.45028799772262573,0.5369483828544617
it just froze up a few days <url> doesn't work at all when i click on it,negative,negative,0.9024374485015869,0.9024374485015869,0.08662597090005875,0.010936575010418892
the news which displays on the welcome page is very annoying and vulgar have to be very careful when giving it to the children's at home to surf the internet and we had to use other browser in front of others as your front page containt all the vulgarity in news most of the people don't know how to disable news. the option should be visible on the front screen itself,negative,negative,0.5293627977371216,0.5293627977371216,0.42160865664482117,0.049028605222702026
seems impossible to make a review,neutral,neutral,0.754046618938446,0.1691054105758667,0.754046618938446,0.07684797048568726
reflow doesn't let you move from what's on the screen. no option to go to specific pages directly (really? scroll through a <number> + page book everytime?),neutral,negative,0.6111874580383301,0.6111874580383301,0.3611229360103607,0.027689529582858086
low score due to the lack of a dark theme/night mode in <number> !,neutral,negative,0.7602903842926025,0.7602903842926025,0.2094261795282364,0.030283460393548012
"no floating head, why",negative,neutral,0.6208163499832153,0.30481037497520447,0.6208163499832153,0.0743732750415802
bad on sms blocking,neutral,negative,0.8882779479026794,0.8882779479026794,0.09145872294902802,0.02026340737938881
hated the new update,negative,negative,0.9439826011657715,0.9439826011657715,0.04309976100921631,0.012917645275592804
i find it a bit odd that the app doesn't automatically open a file. i have to go to the app and open the file from there.,positive,neutral,0.7894419431686401,0.024948323145508766,0.7894419431686401,0.18560971319675446
the weather people are always wrong they suck,negative,neutral,0.5308164954185486,0.4082452952861786,0.5308164954185486,0.06093820929527283
"no ""go to page"" feature? really?",neutral,negative,0.7393569350242615,0.7393569350242615,0.23454970121383667,0.026093322783708572
caused ipad safari to stop working,negative,negative,0.9093329906463623,0.9093329906463623,0.07613633573055267,0.014530578628182411
it's a good app to communicate with team instantly,positive,positive,0.9000810980796814,0.008038390427827835,0.09188050776720047,0.9000810980796814
garbage. worthless app. i hope someone comes up with one better and more organized for people use. makes no sense. cant navigate. not worth the headache.,negative,negative,0.969388484954834,0.969388484954834,0.021951720118522644,0.008659830316901207
good but seems to be a battery drainer on lollipop,neutral,neutral,0.7123519778251648,0.015616493299603462,0.7123519778251648,0.2720315158367157
like the funny <url>,positive,positive,0.6502653956413269,0.01930616796016693,0.33042842149734497,0.6502653956413269
"useless app, doesn't work as described",negative,negative,0.9699468016624451,0.9699468016624451,0.022069180384278297,0.00798405334353447
pdf viewer works much smoother and loads faster,negative,neutral,0.5452241897583008,0.03343662992119789,0.5452241897583008,0.421339213848114
awesome app with awful ux,neutral,negative,0.4786508083343506,0.4786508083343506,0.38678479194641113,0.1345643550157547
<salutation> why most of the time. when i finish downloading video and going to play it. it says failed to open its not like this before using old version.,negative,neutral,0.5046043395996094,0.423371285200119,0.5046043395996094,0.07202434539794922
couldn't get edited photos out of lightroom!,negative,negative,0.856701672077179,0.856701672077179,0.1310555636882782,0.01224271859973669
the update sucks!!! i lost all the trees i previously unlocked.,negative,negative,0.9702544212341309,0.9702544212341309,0.022855792194604874,0.00688979821279645
the cancellations are confusing and the will double charge,neutral,neutral,0.6735060811042786,0.25909698009490967,0.6735060811042786,0.06739687919616699
"great, but eset is going off",positive,positive,0.6245158910751343,0.02520468272268772,0.35027942061424255,0.6245158910751343
it is too slow app.,negative,neutral,0.5547380447387695,0.39245739579200745,0.5547380447387695,0.052804552018642426
good & need more development options,neutral,positive,0.5848130583763123,0.011246693320572376,0.40394026041030884,0.5848130583763123
browsing fast but before download its doing re direct and suggest an other app.,positive,neutral,0.7474265694618225,0.09637559950351715,0.7474265694618225,0.1561979055404663
please fix as soon as <url> cannot send message n dont have received feeds,negative,neutral,0.5531110763549805,0.36854782700538635,0.5531110763549805,0.07834106683731079
too many ads dude,negative,negative,0.7398961782455444,0.7398961782455444,0.22129079699516296,0.03881297633051872
through this app i get amazing deals,positive,positive,0.926222562789917,0.018002459779381752,0.0557749979197979,0.926222562789917
very helpful & useful for media <url>,positive,positive,0.9212760329246521,0.008605172857642174,0.07011877000331879,0.9212760329246521
very helpful the apps,positive,positive,0.9189438223838806,0.008182301186025143,0.07287393510341644,0.9189438223838806
update screwed the app over,negative,negative,0.9545229077339172,0.9545229077339172,0.03499002009630203,0.010486996732652187
i love the variety of fashion styles this app offers. really digging on the poses & emotion statements. emoji id me. a ok,positive,positive,0.9426770806312561,0.011670931242406368,0.04565199837088585,0.9426770806312561
except advertising everything is fine,positive,neutral,0.69228595495224,0.029060671105980873,0.69228595495224,0.2786533534526825
does what it's meant to do,positive,neutral,0.5963050127029419,0.059383463114500046,0.5963050127029419,0.3443114459514618
it's bad browsing with opera,positive,negative,0.5777396559715271,0.5777396559715271,0.3873196542263031,0.03494073450565338
storm warnings are behind. weather warnings just seams to be behind,neutral,neutral,0.6660411357879639,0.2234962433576584,0.6660411357879639,0.11046265810728073
not really but they had an annoying notification getting me to rate the app so,negative,neutral,0.7326553463935852,0.042498525232076645,0.7326553463935852,0.22484612464904785
was better before they started messing with it. but still a bit of silly fun,neutral,neutral,0.7205618023872375,0.09101788699626923,0.7205618023872375,0.1884204000234604
can no longer save locations.,neutral,negative,0.8919187188148499,0.8919187188148499,0.09716475754976273,0.010916459374129772
"i use to like this app. but now the radar animation don't work,and i use to like that. i see it doesn't work for other people either sence the upgrade.",negative,negative,0.49116167426109314,0.49116167426109314,0.4547397196292877,0.054098598659038544
it works but thats it,neutral,neutral,0.6689602732658386,0.22261108458042145,0.6689602732658386,0.10842860490083694
"next update have any problems after i'm updates its say bbm not responding, and refresh page is take a long time, maybe <number> minutes, why the hell??",neutral,negative,0.6265126466751099,0.6265126466751099,0.33339956402778625,0.04008778929710388
"just downloaded it, and haven't had the chance to use it much.",positive,negative,0.8725184798240662,0.8725184798240662,0.11418922245502472,0.013292402029037476
inferior to the ios version.,neutral,negative,0.6626268029212952,0.6626268029212952,0.2996707856655121,0.037702444940805435
"this app just simply doesnt care if i have allowed the data access or not. despite completely stopping the access to mobile data and wifi, it still runs in the background, connects with the internet and receives the texts. extremely intrusive and not something to have installed on your phone. if this is how it behaves, then it can't be trusted. uninstalled.",negative,negative,0.9621945023536682,0.9621945023536682,0.03119470924139023,0.00661072600632906
quick booking. many options.,positive,positive,0.8646413087844849,0.008398723788559437,0.12696003913879395,0.8646413087844849
can't jump to pages. up arrow disappears. at least make it optional for up arrow to stay visible all the time. just plain out aggregating to use.,negative,negative,0.62770676612854,0.62770676612854,0.3477359712123871,0.024557214230298996
very lag and make my phone so slow,negative,neutral,0.49154627323150635,0.4729784429073334,0.49154627323150635,0.035475216805934906
useful and stable application <signature>,positive,positive,0.9170317053794861,0.009620831348001957,0.07334750890731812,0.9170317053794861
overall a good app fast downloading and <signature>,positive,positive,0.9043310880661011,0.006448230240494013,0.08922070264816284,0.9043310880661011
good place to work in groups,positive,positive,0.6682108640670776,0.011366068385541439,0.32042309641838074,0.6682108640670776
good application. but needs some improvement,positive,positive,0.5390689969062805,0.010237001813948154,0.4506940245628357,0.5390689969062805
good app but to much fake news and add,negative,positive,0.6103771924972534,0.014024275355041027,0.3755985498428345,0.6103771924972534
cool idea with severe (ironic) bug,positive,neutral,0.7062376141548157,0.15878647565841675,0.7062376141548157,0.13497593998908997
this app are clearing all data,neutral,negative,0.9375799298286438,0.9375799298286438,0.04752131551504135,0.014898768626153469
good for a waytomake moneyon the side,neutral,neutral,0.524400532245636,0.02116645872592926,0.524400532245636,0.45443299412727356
it is very nice app,neutral,positive,0.8073577284812927,0.013704315759241581,0.17893797159194946,0.8073577284812927
"best editing software. ui is easy , but please remove the trial",positive,positive,0.5008654594421387,0.03331619128584862,0.4658183157444,0.5008654594421387
not visible in app tray!,positive,negative,0.5654772520065308,0.5654772520065308,0.38877785205841064,0.0457448810338974
the only thing i would do different is make this available on facebook i can't access it for my posts. had to uninstall and reinstall as it stopped working.,neutral,negative,0.8046448826789856,0.8046448826789856,0.17199543118476868,0.023359641432762146
"would have been a perfect app excet for the fact that you cant insert the icon into your current text, but have to start a new one(text) <url> , and with every icon!",neutral,positive,0.5377087593078613,0.03144172579050064,0.430849552154541,0.5377087593078613
some issues in confirming the booking.,neutral,neutral,0.5945004224777222,0.01864687167108059,0.5945004224777222,0.3868526518344879
pls also cover news of intl. importance,neutral,positive,0.7176440954208374,0.06806021928787231,0.21429571509361267,0.7176440954208374
very easy to navigate,positive,positive,0.907142698764801,0.010950539261102676,0.0819067507982254,0.907142698764801
won't stop shutting down. reported several times,negative,negative,0.8672864437103271,0.8672864437103271,0.11423204094171524,0.01848156936466694
easy and very helpful,positive,positive,0.9333337545394897,0.009186070412397385,0.057480186223983765,0.9333337545394897
"there is a problem, at least in this version, each time i try to view an already downloaded city guide while i'm online, always displays the search page for hotels <url>",neutral,neutral,0.7441145777702332,0.0515969842672348,0.7441145777702332,0.20428848266601562
i am just downloading the app after completion i'll increase or decrease the rating based on the app performance,neutral,negative,0.5777692198753357,0.5777692198753357,0.37390947341918945,0.04832137003540993
"notif now okay, ads still not ok",positive,negative,0.7171867489814758,0.7171867489814758,0.25436416268348694,0.028449077159166336
"great app, too bad i'm on android.",positive,neutral,0.547681987285614,0.05350468307733536,0.547681987285614,0.3988133370876312
"it's is very effective app , but it takes too much time in opening",neutral,neutral,0.7550202012062073,0.03003239817917347,0.7550202012062073,0.21494747698307037
same bad it is good for search and for download but it is no to much good when i open uc browser on it home sreen or default and not save language option for my side not good,neutral,neutral,0.7088597416877747,0.2266669124364853,0.7088597416877747,0.06447332352399826
not good for me,negative,negative,0.6958547830581665,0.6958547830581665,0.26536324620246887,0.03878192976117134
it's good for few days later it is not working well,neutral,neutral,0.8430634140968323,0.03819838538765907,0.8430634140968323,0.11873822659254074
"keeps crashing. really looked fwd to checking it out, but crashes all the time. the few times it worked the timer got messed <url> work it out!",neutral,negative,0.7483583092689514,0.7483583092689514,0.23064902424812317,0.020992696285247803
the worst - yet the only <url> ckck,negative,negative,0.9502542614936829,0.9502542614936829,0.03919196128845215,0.010553820058703423
i love this app!it really helped me! devs keep on fixing and constantly improving on the app. worth any all in app purchases (which are very cheap btw). just missing a widget! &lt;/ <number>,negative,positive,0.8082342147827148,0.03561953827738762,0.15614625811576843,0.8082342147827148
my bbm very slow .. what happen ??,negative,negative,0.5621871948242188,0.5621871948242188,0.39832887053489685,0.039483923465013504
i like booking in my computer,neutral,positive,0.7521835565567017,0.026792095974087715,0.22102440893650055,0.7521835565567017
i like this app,positive,positive,0.8170688152313232,0.022117003798484802,0.16081419587135315,0.8170688152313232
can't do or find anything on the app,negative,negative,0.7802112102508545,0.7802112102508545,0.20370973646640778,0.01607903279364109
why open raw files ?,positive,neutral,0.6801214814186096,0.21280628442764282,0.6801214814186096,0.10707219690084457
"all but useless in europe. slow to update and most features just don't work here at all. added a daily weather report, great! oh wait, it describes only one <url>",negative,negative,0.9020391702651978,0.9020391702651978,0.08420106023550034,0.013759701512753963
something very wrong with the app,negative,negative,0.9006729125976562,0.9006729125976562,0.08334387093782425,0.015983158722519875
iterate this app more then ads,negative,neutral,0.5317763090133667,0.25489577651023865,0.5317763090133667,0.21332786977291107
old seen should not repeat please,neutral,negative,0.49112698435783386,0.49112698435783386,0.4212578535079956,0.0876152515411377
great app for traveling,positive,positive,0.9221034049987793,0.014417700469493866,0.06347893178462982,0.9221034049987793
was so great <url> but <url>,negative,neutral,0.6815948486328125,0.17972876131534576,0.6815948486328125,0.13867637515068054
it's a nice app,positive,positive,0.7777621150016785,0.008635666221380234,0.2136022299528122,0.7777621150016785
i love this service,positive,positive,0.46056583523750305,0.2523607909679413,0.28707343339920044,0.46056583523750305
larry delaney like it,neutral,positive,0.802955687046051,0.02041436731815338,0.17663000524044037,0.802955687046051
not working with google messenger,neutral,negative,0.9054769277572632,0.9054769277572632,0.08120617270469666,0.013316930271685123
"i am enjoying the app very much, it was recommended by my nephew and it is everything that he said it would be!!",positive,positive,0.9265644550323486,0.011576799675822258,0.06185873970389366,0.9265644550323486
really only works with small documents and even then runs into freezes on motorola droid. no page jump which for books is necessary,negative,neutral,0.6712725162506104,0.23145663738250732,0.6712725162506104,0.09727083146572113
"i used to really love this app until it started killing my trees just for receiving a notification that i hadn't opened yet. advanced detection is not on. may as well turn the phone off, but i use it for music.",negative,negative,0.6418794393539429,0.6418794393539429,0.3108735680580139,0.047246962785720825
crashes immediately after startup - can't use it!,negative,negative,0.9573630094528198,0.9573630094528198,0.03564747795462608,0.0069895898923277855
can't login to bbm,negative,negative,0.8793076276779175,0.8793076276779175,0.10785118490457535,0.012841155752539635
an very much useful application,positive,positive,0.867488443851471,0.011902772821485996,0.12060882896184921,0.867488443851471
works great except a few things,positive,positive,0.629028856754303,0.0183885358273983,0.35258257389068604,0.629028856754303
"<salutation> awful interface lacking any true customisation, yet another chat app that brings nothing new to the table and steals ideas from discord, an exercise in reinventing the wheel which hasn't been updated in years and crashes all the time. also i wouldn't trust this app if you value your privacy. avoid like the plague.",negative,negative,0.9480798840522766,0.9480798840522766,0.04322054237127304,0.008699621073901653
good for editing bad for storage,neutral,neutral,0.6240171790122986,0.029978783801198006,0.6240171790122986,0.34600400924682617
"it's <url> only downside is can't make just any emotion, but overall great",positive,positive,0.8673843741416931,0.008166416548192501,0.12444914877414703,0.8673843741416931
used to work . please fix,negative,negative,0.8009096384048462,0.8009096384048462,0.17171160876750946,0.02737879380583763
it would be great if there's a feature where i can sort my files in folders because it is irritating to find a certain file in my sea of different subjects.,positive,positive,0.5945258140563965,0.0135420523583889,0.39193210005760193,0.5945258140563965
one thing that uc devs definitely do is to remove ads and news <url> page is annoying if we want to read then will go in news site,negative,neutral,0.622555136680603,0.271512895822525,0.622555136680603,0.10593192279338837
nice to be back,positive,positive,0.628727376461029,0.016631467267870903,0.3546411693096161,0.628727376461029
"in all, we have to check this.",neutral,positive,0.5727052092552185,0.07984926551580429,0.3474454879760742,0.5727052092552185
freezes on some files,neutral,neutral,0.7256830930709839,0.1881575584411621,0.7256830930709839,0.0861593708395958
cannot save progress without spending money.,negative,negative,0.900414764881134,0.900414764881134,0.08864191174507141,0.010943311266601086
greatly helpful. i like it,positive,positive,0.9449153542518616,0.007698146626353264,0.047386534512043,0.9449153542518616
can't even spell sydney right,negative,negative,0.9436867237091064,0.9436867237091064,0.04651334136724472,0.00979988370090723
can't even create an account,negative,negative,0.9668837785720825,0.9668837785720825,0.02591816522181034,0.007198039907962084
nice app but you put extra features in this app but app is good,neutral,positive,0.5721827745437622,0.014053150080144405,0.4137641191482544,0.5721827745437622
"good, but better without all those ads like other free messengers such as whatsapp, telegram, etc",neutral,positive,0.5003287196159363,0.012564036063849926,0.4871072471141815,0.5003287196159363
wow. useless. hated it. <number> stars. (if i <url> ),negative,negative,0.967585563659668,0.967585563659668,0.023915693163871765,0.008498761802911758
"bloated, glorified chat. i use it because my company obliges me to do so.",negative,negative,0.6154497861862183,0.6154497861862183,0.3274167478084564,0.05713346228003502
it dors ansolutely nothing. wastef my time!,negative,negative,0.9584117531776428,0.9584117531776428,0.03421555832028389,0.007372656837105751
superb editing in this,neutral,positive,0.9123424291610718,0.011927755549550056,0.0757298693060875,0.9123424291610718
"generally very good & helpful, with some good prices. free cancellation option is extremely useful.",positive,positive,0.9210366010665894,0.006315987557172775,0.07264743000268936,0.9210366010665894
"the ""i'm listening to"" <url>",positive,positive,0.44439566135406494,0.14853668212890625,0.4070677161216736,0.44439566135406494
"solid app, but lacking in the tablet ux area",positive,neutral,0.8356748819351196,0.05732453614473343,0.8356748819351196,0.10700055956840515
let people to create more characters,neutral,positive,0.5807837247848511,0.044980842620134354,0.3742353618144989,0.5807837247848511
app is good brower is so fast but news section in uc brower is the worst thing in the world,neutral,neutral,0.7084866166114807,0.11189758032560349,0.7084866166114807,0.1796158105134964
"it is good easy to use , but why i have to download opera browser to download any videos from uc browser please fix this problem .",neutral,neutral,0.6637057065963745,0.023566430434584618,0.6637057065963745,0.3127278983592987
it worked better before the <url> anything posted is hard to see and get to.,neutral,neutral,0.5347816944122314,0.3679417073726654,0.5347816944122314,0.09727663546800613
can't apply for instagram. please updated,neutral,negative,0.8833556175231934,0.8833556175231934,0.10344710946083069,0.013197227381169796
image size goes from <number> mb to <number> kb else fine.,neutral,neutral,0.792247474193573,0.049320708960294724,0.792247474193573,0.1584317833185196
please enable apps <number> sd immediately. <signature>,negative,negative,0.5056610107421875,0.5056610107421875,0.40848684310913086,0.08585216850042343
like the app but the don't update rainfall very often.,positive,neutral,0.6021531224250793,0.02878463827073574,0.6021531224250793,0.36906224489212036
i liked <url> the size of this app is <url> is better,positive,positive,0.5587931871414185,0.03021065890789032,0.41099610924720764,0.5587931871414185
this app is extremely bloated. for the functionality provided it should fit within <number> mb without issues.,negative,neutral,0.5927047729492188,0.34777215123176575,0.5927047729492188,0.05952306464314461
half assed. uninstall! droid ally,negative,negative,0.9699299335479736,0.9699299335479736,0.022601228207349777,0.007468718569725752
quite nice - would be useful to edit posts from mobile,positive,positive,0.7971494793891907,0.010041292756795883,0.19280917942523956,0.7971494793891907
app <number> f. temp <number> f,negative,neutral,0.4662916362285614,0.42387327551841736,0.4662916362285614,0.10983502864837646
too many update it's annoying,neutral,neutral,0.7195504307746887,0.20599448680877686,0.7195504307746887,0.07445510476827621
not responding to phone calls or emails. no customer service at all.,negative,negative,0.9424546360969543,0.9424546360969543,0.05018189921975136,0.007363457232713699
thanks for fixing the problem,negative,positive,0.7190109491348267,0.01563485525548458,0.2653542160987854,0.7190109491348267
room rate at times is misleading subject to additional charges,neutral,neutral,0.6751656532287598,0.26791560649871826,0.6751656532287598,0.05691872164607048
access to files/photos/media,negative,neutral,0.5460264682769775,0.07936982065439224,0.5460264682769775,0.3746037483215332
"best messaging app, not so great for file sharing though",positive,positive,0.7048425078392029,0.017423853278160095,0.27773359417915344,0.7048425078392029
they want to much access,neutral,negative,0.6719096899032593,0.6719096899032593,0.2779056131839752,0.05018467456102371
"would love more clothing choices, glasses and skin tones.",neutral,positive,0.9212138056755066,0.010058253072202206,0.06872794777154922,0.9212138056755066
line freecall is better than bbm freecall,neutral,neutral,0.6132268905639648,0.10140511393547058,0.6132268905639648,0.2853679656982422
this app very nice & use very easy,neutral,positive,0.9348567724227905,0.008606703020632267,0.056536562740802765,0.9348567724227905
make the dp full hd,neutral,neutral,0.5419008135795593,0.0706506222486496,0.5419008135795593,0.3874485492706299
good if it doesn't has annoying news banners,positive,neutral,0.7693397402763367,0.02295052260160446,0.7693397402763367,0.20770983397960663
please make the lite variant of this app for smartphones with less storage.,negative,positive,0.5076450109481812,0.08405758440494537,0.40829741954803467,0.5076450109481812
age group <number> to <number> years old,negative,neutral,0.4954294264316559,0.2056111991405487,0.4954294264316559,0.298959344625473
takes a lot of space,negative,neutral,0.7569098472595215,0.15173859894275665,0.7569098472595215,0.09135152399539948
trible app. ui is horrible.,negative,negative,0.9177522659301758,0.9177522659301758,0.06659916788339615,0.015648577362298965
loved the app very much,positive,positive,0.4290958344936371,0.18607653677463531,0.3848276436328888,0.4290958344936371
this bbm is not working on my galaxy s <number> edge why,neutral,negative,0.866036593914032,0.866036593914032,0.11166977882385254,0.022293632850050926
it's great <url>,neutral,positive,0.7615036368370056,0.018506169319152832,0.21999020874500275,0.7615036368370056
where is option for timer,negative,neutral,0.744810938835144,0.05667075887322426,0.744810938835144,0.1985183209180832
well not. so good work but. some what.,neutral,neutral,0.841465413570404,0.05117082968354225,0.841465413570404,0.10736384987831116
this could be great <url>,neutral,neutral,0.6335988640785217,0.0657629668712616,0.6335988640785217,0.3006381690502167
take too much space or ram to run,neutral,neutral,0.76689213514328,0.1818830519914627,0.76689213514328,0.05122484266757965
very useful. ive used the app many times in the last few years. hv even referred others by telling them directly. wish full address address of property could be included even before booking. thats my only complaint.,positive,positive,0.8418103456497192,0.00986139103770256,0.1483282446861267,0.8418103456497192
i love it but she doesn't look like me after making so many changes!!,positive,positive,0.6731356978416443,0.040407974272966385,0.2864563465118408,0.6731356978416443
"it's ok, but since it appears to have basic reflow why can't we have white text on black background to save battery?",neutral,neutral,0.8349783420562744,0.016233956441283226,0.8349783420562744,0.14878778159618378
great!!! amazing tool for textbooks in pdf <url> i use it on my lenovo tab <number> <number> plus and it works awesome. most of my medical textbooks converted in pdf run absolutely fine with this app.,positive,positive,0.9423457980155945,0.010167769156396389,0.04748644679784775,0.9423457980155945
bothering me for a rating,neutral,neutral,0.7124449610710144,0.20521047711372375,0.7124449610710144,0.08234453201293945
it works great until you need to use another app. even when i whitelist apps my tree still withers,neutral,neutral,0.6443976759910583,0.045708585530519485,0.6443976759910583,0.30989375710487366
good weather overview. occasionally buggy (no pun intended).,positive,positive,0.6878755688667297,0.010683530010282993,0.30144089460372925,0.6878755688667297
when it works is great,neutral,neutral,0.6109745502471924,0.26058676838874817,0.6109745502471924,0.12843865156173706
radar map doesnt work at all since last update. please fix and get <number> stars,negative,negative,0.9429301023483276,0.9429301023483276,0.04696330055594444,0.010106544941663742
"how do i use on facebook,?",negative,neutral,0.45555752515792847,0.13964639604091644,0.45555752515792847,0.4047960937023163
used to be my favorite app,negative,negative,0.8220949769020081,0.8220949769020081,0.15488341450691223,0.023021550849080086
its all good except for one thing.,neutral,neutral,0.682199239730835,0.014303423464298248,0.682199239730835,0.303497314453125
to good to be true,positive,neutral,0.4503178894519806,0.10913650691509247,0.4503178894519806,0.44054561853408813
this app is useful for me,positive,positive,0.8612850308418274,0.009645399637520313,0.12906956672668457,0.8612850308418274
"only worked for a day, then the app would never open and kept saying there was a error. uninstalled the re-installed <number> times never worked again",negative,negative,0.9607160091400146,0.9607160091400146,0.032656148076057434,0.006627813912928104
not able to open pdf's downloaded to sd <url>,negative,negative,0.7824777364730835,0.7824777364730835,0.1992722749710083,0.01825008913874626
slow and crashes dinc v <number> . <number>,negative,negative,0.8149732947349548,0.8149732947349548,0.16286902129650116,0.02215777151286602
"easy to use, fairly accurate!",positive,positive,0.9429023265838623,0.00762216979637742,0.04947546869516373,0.9429023265838623
its a usefull app for informal office communication.,positive,positive,0.9331023693084717,0.0075612724758684635,0.0593363456428051,0.9331023693084717
"facebook face detection doesn't work, so you have to start from scratch. also not enough selection to choose from.",neutral,negative,0.7491008639335632,0.7491008639335632,0.22791564464569092,0.022983545437455177
more than one and add more stuff. (stuff to make the avatar),neutral,positive,0.9028787016868591,0.01316894218325615,0.0839524194598198,0.9028787016868591
i can't play it that sucks,negative,negative,0.9484227895736694,0.9484227895736694,0.04332977160811424,0.008247489109635353
crashes during import htc one m <number>,negative,negative,0.848574161529541,0.848574161529541,0.13334573805332184,0.018080104142427444
does exactly what it says. i like it.,positive,positive,0.919226884841919,0.00914494227617979,0.0716281607747078,0.919226884841919
i think this app is good,positive,neutral,0.4984811246395111,0.021703239530324936,0.4984811246395111,0.4798157215118408
great app. free cancellation should be indicated per hotel before booking.,positive,positive,0.880605161190033,0.014298342168331146,0.10509651899337769,0.880605161190033
"it's great for pdf, i only wish it supported other book formats like epub or mobi",positive,positive,0.8418002128601074,0.009147314354777336,0.1490524560213089,0.8418002128601074
"stopped working and deleted everything after a week, pretty poor i'd say",negative,negative,0.8844485282897949,0.8844485282897949,0.10116066038608551,0.014390791766345501
"a couple days ago, started telling me it can't attatch the emoji to my texts, that just stinks! i have a galaxys <number>",negative,negative,0.8252025246620178,0.8252025246620178,0.15114007890224457,0.02365737408399582
overall very useful app. i only don't like the fact that also sold-out hotels are shown. can be quite frustrating.,positive,positive,0.8215147852897644,0.00796680711209774,0.1705184280872345,0.8215147852897644
works well. it could have been better if approximate dates were allowed in search form.,positive,positive,0.6276493668556213,0.009425969794392586,0.3629246950149536,0.6276493668556213
still not as good as it could be!,neutral,neutral,0.7922685146331787,0.08471206575632095,0.7922685146331787,0.12301941215991974
for more information about this review go to <url>,negative,positive,0.4416627883911133,0.13799209892749786,0.42034512758255005,0.4416627883911133
its been <number> years im using uc browser i gave a feedback that in uc browser we can't download videos directly to sd <url> have given a feedback about this past <number> years back but still uc team have not sloved my <url> service i request google team to please remove this uc browser from google <url> dnt need this kind of careless team ..,negative,negative,0.9364334940910339,0.9364334940910339,0.05580433830618858,0.007762216962873936
awesome app to find any <url> it,positive,positive,0.8366440534591675,0.022024288773536682,0.14133165776729584,0.8366440534591675
ok permissions fix. i've updated and given back two of the four stars i'd dropped.,neutral,neutral,0.6919200420379639,0.023966433480381966,0.6919200420379639,0.2841135561466217
i love the idea but can we get a weekly forest too?? that would be quite motivating!,neutral,positive,0.8300418257713318,0.011002382263541222,0.15895578265190125,0.8300418257713318
it's very good for edit photos and make photos and make a design of any things,positive,positive,0.9100480079650879,0.01036706380546093,0.07958485186100006,0.9100480079650879
"i really love the lightroom software for laptops and other devices, but i don't find the app really convincing when compared to the software as you just miss so many options in the app",neutral,neutral,0.5092891454696655,0.04238327592611313,0.5092891454696655,0.4483276307582855
"latest version is <number> . <number> . <number> , last updated on <number> th september <number> . uninstalled as abandoned. desktop is already at <number> . <number> .",negative,negative,0.9629086852073669,0.9629086852073669,0.028864264488220215,0.008227032609283924
just click the back button and my tree will still <url> and i don't think i have the whitelist edit- i think your tree only dies when you open another app that isn't on your whitelist or else the list is <url> am i wrong?,positive,negative,0.6734423637390137,0.6734423637390137,0.28859055042266846,0.03796711936593056
adobe products are awsome,positive,negative,0.5221995711326599,0.5221995711326599,0.4330708384513855,0.04472963884472847
latest update fails to install with 'unknown reason - <number> ',neutral,negative,0.8571672439575195,0.8571672439575195,0.12347961962223053,0.01935310661792755
"the app syncs messages too slowly and marking messages as ""read"" is buggy.",neutral,neutral,0.7629287838935852,0.11918412148952484,0.7629287838935852,0.11788705736398697
"great service, terrible app. the app doesn't seem work with mobile internet which makes it mostly useless.",negative,negative,0.9647489786148071,0.9647489786148071,0.02713271975517273,0.00811836589127779
now <number> % harder to use,negative,negative,0.6622625589370728,0.6622625589370728,0.2852572500705719,0.05248026177287102
marginal but still better than others i have tried.,neutral,neutral,0.7780234217643738,0.0396694652736187,0.7780234217643738,0.18230712413787842
the app doesn't provide multiple tabs at a time. it would be great if its possible.,positive,neutral,0.7774450778961182,0.03862127289175987,0.7774450778961182,0.18393371999263763
good app and uesfull,negative,positive,0.7562195658683777,0.01518810261040926,0.22859236598014832,0.7562195658683777
only hate the <url>,positive,neutral,0.4060879647731781,0.3870261609554291,0.4060879647731781,0.20688585937023163
"i was using it every day and i think it was brilliant, even upgraded to paid version but since last update i haven't been able to access it at all as it keeps crashing. please fix it.",neutral,neutral,0.6216865181922913,0.23612985014915466,0.6216865181922913,0.14218363165855408
wont work for saml integration,neutral,negative,0.9551761150360107,0.9551761150360107,0.037145521491765976,0.007678298279643059
good but ads are annoying,neutral,neutral,0.644277036190033,0.02257365919649601,0.644277036190033,0.3331492841243744
"app works fine, but it is very disappointing that there is no possibility to just use the map to find available accommodation. you always have to fill a place to search, but mostly i just want to browse and see what's available, regardless of the location.",neutral,neutral,0.6862804293632507,0.016890645027160645,0.6862804293632507,0.2968289852142334
worst app and if it is install u r phone become a virus attack,negative,negative,0.9640539288520813,0.9640539288520813,0.027378389611840248,0.008567744866013527
not what i'd expect from the creators,neutral,negative,0.7730544805526733,0.7730544805526733,0.20308087766170502,0.023864619433879852
"won't leave my facebook, like a <url>",negative,negative,0.9021778106689453,0.9021778106689453,0.08434686809778214,0.013475299812853336
ads is an inconvenient thing so far,positive,neutral,0.6376732587814331,0.31832611560821533,0.6376732587814331,0.04400058463215828
"i like the interface , it's really good. for me, i feel it would be nice to have a look up option when we right-click on words . it's functionality is to link up words to our dictionary apps. <signature>",positive,positive,0.8953516483306885,0.00689778383821249,0.09775049239397049,0.8953516483306885
good but many <url>,positive,neutral,0.6755073070526123,0.024719612672924995,0.6755073070526123,0.29977303743362427
requires photos to be imported into lightroom. i know this has how the desktop version but wish the mobile version was faster and easier to use.,neutral,neutral,0.7577773332595825,0.04306529462337494,0.7577773332595825,0.19915732741355896
miss tabs to move between open docs. otherwise is fab.,positive,neutral,0.7751986980438232,0.12286219000816345,0.7751986980438232,0.10193904489278793
"they stole from me i wanted a refund and because the manager of the hotel i chose treated me indifferently all because i wasn't <number> and so i emailed their "" <number> hour customer service"" and never got helped. lost $ <number> . don't use this app it is a trap.",negative,negative,0.9693495035171509,0.9693495035171509,0.023906877264380455,0.006743576843291521
my ag fans love the photos i do,positive,positive,0.8934403657913208,0.029501713812351227,0.07705790549516678,0.8934403657913208
this app would be perfectly awesome if it worked with the keyboard on my tablet so that i could use it in facebook when i <url> without white backgrounds,neutral,positive,0.6883247494697571,0.02293064258992672,0.28874459862709045,0.6883247494697571
"why my friends can retract or delete their messages, while i can't? i don't know what bb phone or android they have.",neutral,neutral,0.6339547038078308,0.2617405951023102,0.6339547038078308,0.10430463403463364
it sucks non free things to choose from,negative,negative,0.9624300003051758,0.9624300003051758,0.02942698821425438,0.008143043145537376
this is very good app for downloading,positive,positive,0.8718728423118591,0.009916904382407665,0.11821025609970093,0.8718728423118591
not accurate information all the time,neutral,neutral,0.7225514650344849,0.18100407719612122,0.7225514650344849,0.09644441306591034
cannot show my reserved bookings,negative,negative,0.6593732237815857,0.6593732237815857,0.3167662024497986,0.02386063151061535
i love this app,positive,negative,0.5136795043945312,0.5136795043945312,0.29388219118118286,0.1924382597208023
my company forces me to use this app.,neutral,negative,0.9631325602531433,0.9631325602531433,0.028175029903650284,0.00869244709610939
it's hard to cancel a booking when <url> to use,neutral,neutral,0.7537839412689209,0.14621737599372864,0.7537839412689209,0.09999874979257584
won't open email attachments,negative,negative,0.9451214671134949,0.9451214671134949,0.04597330465912819,0.008905255235731602
couldn't find a better suited search app. compliments to the team. trivago couldn't find these many options.,positive,negative,0.6886144280433655,0.6886144280433655,0.28699764609336853,0.02438790164887905
"simple to use, don't seem to be able to see complete booking information",positive,neutral,0.6934833526611328,0.06336402893066406,0.6934833526611328,0.24315252900123596
absolutely one of the <signature>,positive,positive,0.9434448480606079,0.013732396066188812,0.042822688817977905,0.9434448480606079
i like the reading mode specially. but sometimes it crashes.,positive,positive,0.5764193534851074,0.024147506803274155,0.39943310618400574,0.5764193534851074
sounds and digital mixer cansol,positive,positive,0.7066469788551331,0.046942610293626785,0.24641042947769165,0.7066469788551331
"lacks a lot of basic features such as bookmarks and ""goto page"". thinkoffice does a better job.",negative,neutral,0.8477369546890259,0.08363591879606247,0.8477369546890259,0.06862714886665344
much better than asana,positive,positive,0.5751011967658997,0.07399202883243561,0.35090675950050354,0.5751011967658997
better on my windows phone,negative,positive,0.49558225274086,0.0723540410399437,0.4320636987686157,0.49558225274086
it's good but always show on screen when i switch on my home screen,neutral,positive,0.646477997303009,0.009921886958181858,0.34360015392303467,0.646477997303009
this app is my go to when i need to know about the weather.,positive,positive,0.9168012738227844,0.012005905620753765,0.07119276374578476,0.9168012738227844
"okay but not great, and not really improving",neutral,neutral,0.8386343121528625,0.0327969454228878,0.8386343121528625,0.12856873869895935
it should have pause option,neutral,neutral,0.7476385831832886,0.03969777002930641,0.7476385831832886,0.2126636505126953
"all is good in this app except i couldn't see any hdr option while clicking photos, may be since i use oneplus one, which also has high processing power and advanced chipset enough to support this app. so they should support many more devices like this! hope the support arrives in next update itself.",neutral,neutral,0.6227593421936035,0.015176055021584034,0.6227593421936035,0.3620645999908447
"professional app , useful for office purpose , easily connect to office by mobile but too much heavy unable to send messages on slow network.",positive,positive,0.6474527716636658,0.028694765642285347,0.32385241985321045,0.6474527716636658
update is not starting after clicking on update button,negative,negative,0.47481319308280945,0.47481319308280945,0.45534253120422363,0.06984438002109528
hate it since the update,negative,negative,0.9535932540893555,0.9535932540893555,0.03518802300095558,0.011218763887882233
tired of getting ripped off.,negative,negative,0.6967540979385376,0.6967540979385376,0.2668769061565399,0.0363689623773098
had to sleep in the truck!,negative,negative,0.9270521998405457,0.9270521998405457,0.06378249824047089,0.009165296331048012
radar stopped working. i would've given <number> star rating if it worked.,negative,negative,0.9021732211112976,0.9021732211112976,0.07992394268512726,0.017902826890349388
worst experience in goa,negative,negative,0.9608447551727295,0.9608447551727295,0.030021673068404198,0.009133579209446907
like it because it syncs better,positive,positive,0.8158359527587891,0.012531059794127941,0.1716330349445343,0.8158359527587891
i can connect to my friends.,positive,positive,0.8615886569023132,0.020960571244359016,0.11745083332061768,0.8615886569023132
i love this app,negative,negative,0.5136795043945312,0.5136795043945312,0.29388219118118286,0.1924382597208023
fantastic app for downloading and easy to use,positive,positive,0.9383360743522644,0.010030985809862614,0.05163296312093735,0.9383360743522644
"unable to change alert sound. not in options. unable to enable alerts per channel, on all or keywords and direct. closer to a beta than an app.",negative,negative,0.7876662611961365,0.7876662611961365,0.1954209804534912,0.016912756487727165
so much fun! makes people laugh.,positive,positive,0.868167519569397,0.017180325463414192,0.11465217918157578,0.868167519569397
similar to all other photo editing apps. doesn't stand out from ythe rest.,neutral,neutral,0.7802411317825317,0.0646580159664154,0.7802411317825317,0.15510082244873047
the quality of display picture is so bad,neutral,neutral,0.6060277223587036,0.33565211296081543,0.6060277223587036,0.058320172131061554
this app is very fast,neutral,positive,0.8550963401794434,0.016104871407151222,0.12879878282546997,0.8550963401794434
dear friends do not install this browser. this browser is pathrtic <url> will ads and ads on this .really annoying,negative,negative,0.8852493762969971,0.8852493762969971,0.10046675056219101,0.014283916912972927
please fix so i can type!,negative,neutral,0.640048623085022,0.15930470824241638,0.640048623085022,0.20064666867256165
able to provide sufficent info regarding hotel that want to be rent,positive,positive,0.8480024337768555,0.012588081881403923,0.13940946757793427,0.8480024337768555
they make you pay to create an account!! this is outrageous.,negative,negative,0.966980516910553,0.966980516910553,0.024698136374354362,0.008321285247802734
"it's a great concept for assosiating a reward to focus for those of us who struggle; however, my tree withers when someone phones me and i don't answer which is obviously a piss off.",positive,neutral,0.5779348015785217,0.0415465421974659,0.5779348015785217,0.3805186152458191
really a very good app,positive,positive,0.8193603754043579,0.015293198637664318,0.1653464287519455,0.8193603754043579
awesome app! it will be better if you sync all your timers on your phones and chrome/mozilla extension. because i have to start to plant on my <number> phones and my browers when i'm working when you can do it just once and all your timers will start automatically. i hope you do it!,positive,positive,0.8841400146484375,0.013521065004169941,0.10233889520168304,0.8841400146484375
this app is very nice,positive,positive,0.7396778464317322,0.01859578862786293,0.241726353764534,0.7396778464317322
"this app is super cute! my only complaint is that there is no piercing section! i have <number> piercings and would really like to at least have a nose ring! or maybe earrings? also think you should be able to customize outfits, like pick a shirt, bottoms, and shoes! instead of just the premade outfits.",positive,positive,0.9297829866409302,0.009864158928394318,0.06035289913415909,0.9297829866409302
"app is okay but has superfluous things that i will never use. including every option is okay but the ideal app would allow for complete customization of components and page information that is pertinent to the user and where they are located. additionally, collecting metrics on what users actually use versus what is weak allows for improved development of the weaker app areas. that said, i have used this app for a long time with little cause for complaint.",neutral,neutral,0.5751615166664124,0.017092572525143623,0.5751615166664124,0.407745897769928
could you please add an option for exporting photos using the png format? it would be very handy.,neutral,positive,0.8152980208396912,0.009924651123583317,0.17477735877037048,0.8152980208396912
i like the reflow feature. but useless for me as i can't search nor skip to a specific page (have to scroll through entire books),negative,neutral,0.7767136693000793,0.040564537048339844,0.7767136693000793,0.1827217936515808
"simple yet effective. would be great if the app had more customisation options like moving the plants around, changing the colour etc.",positive,positive,0.8406202793121338,0.008826195262372494,0.15055353939533234,0.8406202793121338
uc brouser is <signature>,positive,positive,0.48955026268959045,0.14686319231987,0.36358651518821716,0.48955026268959045
not starting since last update. please see to it. i gave <number> star so you can quickly check my issue. my phone is note <number> neo n <number>,positive,neutral,0.5696881413459778,0.33512449264526367,0.5696881413459778,0.09518735855817795
doesn't work properly on nova launcher,neutral,negative,0.9270908236503601,0.9270908236503601,0.06327148526906967,0.009637654758989811
"useful, informative and helpful <signature>",positive,positive,0.9434816837310791,0.008470891043543816,0.04804741218686104,0.9434816837310791
still no floating head!! disappointed,negative,negative,0.7637704014778137,0.7637704014778137,0.21044299006462097,0.025786615908145905
this app sucks now,negative,negative,0.9678826332092285,0.9678826332092285,0.022941406816244125,0.009175984188914299
it can't find my photos,negative,negative,0.9043929576873779,0.9043929576873779,0.08261463046073914,0.012992429547011852
what happened to my little shortcut!? or used to stay open in all my messaging <url> now it's gone!!,negative,negative,0.866865336894989,0.866865336894989,0.11454856395721436,0.018586130812764168
stable and functional but not totally user friendly.,neutral,neutral,0.6821012496948242,0.017842577770352364,0.6821012496948242,0.30005621910095215
this is good <url>  downloading movies but many. ads are come in between browsing,neutral,neutral,0.7125387787818909,0.02326962724328041,0.7125387787818909,0.26419153809547424
i don't like the company not the app,negative,neutral,0.5103800296783447,0.35496649146080017,0.5103800296783447,0.1346534639596939
"great app but would love to have better clothing styles. maybe peacoats, pencil skirts etc. <signature>",positive,positive,0.9370071291923523,0.010113506577908993,0.05287935212254524,0.9370071291923523
radar map will not move. it hasn't been accurate either.,negative,negative,0.9529522657394409,0.9529522657394409,0.03929932788014412,0.007748491130769253
"simplistic, designed to exceed expectations and overcome limitations.",positive,neutral,0.7885988354682922,0.09041392058134079,0.7885988354682922,0.12098724395036697
<url> sometimes it's gone <url> hate slow,neutral,neutral,0.5977782607078552,0.2537497282028198,0.5977782607078552,0.14847199618816376
"i would use it more but i dont like that it has to start a new message, would be better if it would just add to the convo on the screen",neutral,neutral,0.688443124294281,0.031389109790325165,0.688443124294281,0.28016772866249084
very bad app. it is forcing to instal. i think it is a virus.,negative,negative,0.9677500128746033,0.9677500128746033,0.024595782160758972,0.007654203101992607
better if no trial period and unlimited use for free,positive,neutral,0.5250762701034546,0.021190764382481575,0.5250762701034546,0.45373299717903137
great but needs presets access,neutral,positive,0.818730890750885,0.011224531568586826,0.17004460096359253,0.818730890750885
each time it simply keeps saying that my phone has <url> disgusting,negative,negative,0.7904008030891418,0.7904008030891418,0.181080162525177,0.028519058600068092
keeps documents in line. i really like this application!,positive,positive,0.9064015746116638,0.013352368026971817,0.08024606853723526,0.9064015746116638
anyone video download stop and very slow download,negative,negative,0.5626000165939331,0.5626000165939331,0.3996407985687256,0.03775918111205101
used to work but no longer does. writing this review while my is growing :/,neutral,negative,0.7449823021888733,0.7449823021888733,0.22838793694972992,0.026629794389009476
limited options but fun,neutral,neutral,0.6575255990028381,0.01822417974472046,0.6575255990028381,0.3242502212524414
would give better but have'nt used much yet,negative,neutral,0.6538749933242798,0.02196788787841797,0.6538749933242798,0.32415708899497986
"app ok, but temp doesn't update in notification bar",neutral,neutral,0.8499041199684143,0.02942490018904209,0.8499041199684143,0.12067092210054398
no way to redeem tickets.,neutral,negative,0.9596897959709167,0.9596897959709167,0.03108992427587509,0.009220286272466183
"silly app , it would let me open google while it will kill the plant if i open calculator or dictionary",negative,negative,0.880441427230835,0.880441427230835,0.10291289538145065,0.01664576679468155
"wow, such a pos!",negative,positive,0.7364027500152588,0.042369671165943146,0.22122755646705627,0.7364027500152588
is a great app but since the update a couple of days ago i can't get radar to work. tried uninstalling and reinstalling but doesn't work.,positive,neutral,0.7833568453788757,0.0406024344265461,0.7833568453788757,0.1760406643152237
"i hate start up with system, i don't use it frequently",negative,negative,0.9010682106018066,0.9010682106018066,0.0843316838145256,0.014600152149796486
push notifications not working,negative,negative,0.6543364524841309,0.6543364524841309,0.30160748958587646,0.044056013226509094
good combination with acrobat reader. it's quite clear,positive,positive,0.8997482061386108,0.007818191312253475,0.09243357181549072,0.8997482061386108
nice. update it to be more digital. very clear,positive,positive,0.8584955334663391,0.00901864655315876,0.13248582184314728,0.8584955334663391
nice but sometimes hanging,positive,positive,0.621971845626831,0.013777676969766617,0.36425045132637024,0.621971845626831
still getting to know it,positive,neutral,0.5139602422714233,0.0750047042965889,0.5139602422714233,0.41103512048721313
i use it for reading articles and it's fine. would be useful to be able to open two articles at once for cross reference but otherwise happy with the app,positive,positive,0.8747050762176514,0.008472208864986897,0.1168227568268776,0.8747050762176514
its better than others,neutral,neutral,0.4994170367717743,0.029106631875038147,0.4994170367717743,0.47147631645202637
does not work. in play store not listed as trial .come on adobe you stop down loads from your services now products do not work and listed as free we hen really a trial,negative,negative,0.9697117805480957,0.9697117805480957,0.02298617921769619,0.007301967591047287
almost a good editor,positive,positive,0.7193549275398254,0.01712632179260254,0.26351872086524963,0.7193549275398254
not able to download new <url>,neutral,negative,0.8806636929512024,0.8806636929512024,0.10410968214273453,0.015226591378450394
"so i create a pdf using an adobe program, then send it to my phone to see what it looks like, but it won't open! pretty lame if you ask me.",negative,negative,0.6622804403305054,0.6622804403305054,0.3068251311779022,0.030894387513399124
sometime can't change display picture at asus zenfone <number> . please fix,negative,neutral,0.6562445163726807,0.05934583768248558,0.6562445163726807,0.28440961241722107
really nice concept but on android it just keeps hanging and eventually crashing.,negative,neutral,0.7612802386283875,0.10569977015256882,0.7612802386283875,0.13302002847194672
doesn't work on my phone. always error,negative,negative,0.9587171077728271,0.9587171077728271,0.03467302769422531,0.006609897594898939
slackbot opens every time i start to type a reply in the app. started happening with the last update (note <number> ). why can't we disable slackbot? <number> star until we get this ability.,negative,negative,0.7721643447875977,0.7721643447875977,0.19213369488716125,0.035701993852853775
"complex app that covers all sorts of things related to travelling, maybe too many",positive,positive,0.9236754775047302,0.010839005932211876,0.06548550724983215,0.9236754775047302
great and more awesome,positive,positive,0.8660681843757629,0.033379632979631424,0.10055219382047653,0.8660681843757629
not what i asked for,negative,negative,0.9163957834243774,0.9163957834243774,0.07166687399148941,0.011937431991100311
i wish you would show canadian maps,neutral,neutral,0.519346296787262,0.05206592381000519,0.519346296787262,0.42858779430389404
you don't allow to take in-app screenshots?,neutral,negative,0.7125800848007202,0.7125800848007202,0.2584076225757599,0.029012329876422882
how about date birth,negative,neutral,0.6424664258956909,0.11129657179117203,0.6424664258956909,0.24623700976371765
"works great, other then not being able to delete content directly from phone.",neutral,positive,0.673692524433136,0.02214997261762619,0.30415746569633484,0.673692524433136
can't copy/paste or add keyboard to android,negative,neutral,0.6119619011878967,0.3496359884738922,0.6119619011878967,0.03840203955769539
can't even create a account tried more than <number> times,negative,negative,0.9641786813735962,0.9641786813735962,0.029074227437376976,0.006747162900865078
fast and good but missing features.,neutral,positive,0.7950071096420288,0.00965031236410141,0.19534264504909515,0.7950071096420288
cannot get rid of floating head in my messages and it's driving me mad. i've had to uninstall the app to get rid of it &gt;:-/,negative,negative,0.9332486391067505,0.9332486391067505,0.05939234420657158,0.007358971051871777
"love this app. i use it to study, but i answered a phone call and it wilted my tree. i can't really help when i receive phone calls. this one had to be answered and now i have to look at a wilted tree in my beautiful forest. i am upsetti spaghetti since i'm a perfectionist",positive,positive,0.8197826743125916,0.030119631439447403,0.15009772777557373,0.8197826743125916
this app is slowly work,neutral,neutral,0.49270012974739075,0.1850299835205078,0.49270012974739075,0.3222699463367462
no instructions on how to delete files/pages viewed.,neutral,neutral,0.5910406708717346,0.3722277581691742,0.5910406708717346,0.03673158586025238
it helps a lot.,positive,positive,0.8747654557228088,0.008591411635279655,0.11664311587810516,0.8747654557228088
"need to improve performance, usablity, and <url>",neutral,neutral,0.4900103211402893,0.026166001334786415,0.4900103211402893,0.4838237762451172
multiple image share option is missing,neutral,neutral,0.602782666683197,0.04799818620085716,0.602782666683197,0.3492191731929779
"i like the functions, but",neutral,neutral,0.5980471968650818,0.03207782655954361,0.5980471968650818,0.3698749542236328
why don't you just block us all?! =d =d =d,negative,negative,0.7568109631538391,0.7568109631538391,0.20405243337154388,0.03913656994700432
easy to find hotel,neutral,positive,0.8421455025672913,0.01397857815027237,0.14387594163417816,0.8421455025672913
"if unexpected crashes negleted, it is so far the <signature>",positive,neutral,0.5450924634933472,0.05151805654168129,0.5450924634933472,0.40338951349258423
used to love it,negative,negative,0.8722622394561768,0.8722622394561768,0.10896243155002594,0.01877540908753872
"i love this app but with the latest update it died when i used a white listed app, and when i checked my whitelist i couldn't scroll through or change anything which was weird. plz fix this and add more trees!",positive,positive,0.476144015789032,0.0640489012002945,0.4598071277141571,0.476144015789032
very good mobile phone photo editor,positive,positive,0.8702223300933838,0.011286952532827854,0.1184907779097557,0.8702223300933838
keeps telling u to turn on the access then brings u to the settings page and even aft you check all the boxes doesnt take you back to the app. and continues to keep popping up disrupting phone usage. app doesnt work properly,negative,negative,0.9167876839637756,0.9167876839637756,0.074264757335186,0.008947588503360748
app is faster but stucks mobile pleas fix it up,positive,neutral,0.701561689376831,0.14994631707668304,0.701561689376831,0.1484919935464859
"should have ""seen"" feature",neutral,neutral,0.7892398834228516,0.07093489915132523,0.7892398834228516,0.1398252248764038
"can not zoom in or out, plis fix",neutral,negative,0.61634761095047,0.61634761095047,0.3561576008796692,0.027494823560118675
nice idea and interface but finding friends doesn't work on android,neutral,neutral,0.773577868938446,0.08568460494279861,0.773577868938446,0.14073751866817474
white list is so frustrating!,negative,negative,0.7631561756134033,0.7631561756134033,0.20949585735797882,0.02734796144068241
need <url> saving to gallery issue adding photo issue,neutral,neutral,0.7706267833709717,0.09513302892446518,0.7706267833709717,0.13424021005630493
the live doppler doesn't work since i updated,negative,negative,0.6425930261611938,0.6425930261611938,0.32193803787231445,0.03546895831823349
very ugly and difficult to use platform. i do not suggest it. very bad,negative,negative,0.9652210474014282,0.9652210474014282,0.028039386495947838,0.006739468779414892
recent update be unstable and loading so late,neutral,negative,0.5780974626541138,0.5780974626541138,0.3794265687465668,0.042476020753383636
would give <number> stars if you blocked the facebook messenger bubble as well,positive,positive,0.48887258768081665,0.02983446978032589,0.48129287362098694,0.48887258768081665
it's a good overall weather app. do miss the traffic cam.,positive,positive,0.7544504404067993,0.00912186224013567,0.2364276945590973,0.7544504404067993
really hard to navigate.,neutral,negative,0.8784404993057251,0.8784404993057251,0.10638947784900665,0.015170015394687653
they don't refund difference if room is cheaper,negative,negative,0.4956633746623993,0.4956633746623993,0.438448965549469,0.0658876821398735
"works most of the time. freezes sometimes while trying to open a document, but just restart the app and it's good to go.",positive,neutral,0.5965797305107117,0.027325857430696487,0.5965797305107117,0.37609440088272095
my friend show me it on tumbler it's amazing <signature>,positive,positive,0.9136541485786438,0.015470318496227264,0.07087551802396774,0.9136541485786438
would of gave it <number> stars if i could. i just figured out that this app was using <number> % of my battery life and i never even use the app. sucks really bad.,negative,negative,0.5366971492767334,0.5366971492767334,0.41005441546440125,0.053248435258865356
"you ruined the icon, we said ok. now you are ruining the background color too. stop changing, no one was complaining!",neutral,negative,0.8259236812591553,0.8259236812591553,0.15151245892047882,0.0225638747215271
should have been a <number> star but why's the android version lacking local adjustments that the ios version has. i can understand that there may be delays among platforms but it's already <number> months behind!,neutral,neutral,0.7536946535110474,0.04625006392598152,0.7536946535110474,0.20005536079406738
nothing i want from this app,negative,negative,0.9481303691864014,0.9481303691864014,0.04270748794078827,0.009162133559584618
so great until today,negative,neutral,0.5091472268104553,0.11577951163053513,0.5091472268104553,0.37507322430610657
it would be nice if it had it on like whatsapp for android but you have to download another app to access that <url> yeah but it's good,positive,neutral,0.5405696034431458,0.01210466492921114,0.5405696034431458,0.4473257064819336
high quality images turns into low quality,neutral,neutral,0.5668597221374512,0.34703874588012695,0.5668597221374512,0.08610153943300247
"it doesnt work, the screen flashes on and off and it wont open",negative,negative,0.9627670049667358,0.9627670049667358,0.029578883200883865,0.007654179818928242
no retract in options,neutral,neutral,0.810340940952301,0.047538887709379196,0.810340940952301,0.1421201527118683
last position read somewhat flawed,neutral,neutral,0.5605852007865906,0.31947237253189087,0.5605852007865906,0.11994241923093796
get <number> days free trial. nice. to try it i need to be able to access photos that store to my sd card. i do that so i have room on my phones internal drive. waste of time,negative,neutral,0.7463266253471375,0.12328862398862839,0.7463266253471375,0.13038480281829834
does not support to open pwd protected document,neutral,negative,0.8710533380508423,0.8710533380508423,0.11604470014572144,0.012901920825242996
got rid of the irc gateway. this was why we used slack. uninstalled.,negative,negative,0.9646289348602295,0.9646289348602295,0.027720535174012184,0.0076505751349031925
more theme and customization <url>,positive,positive,0.865348219871521,0.02203829027712345,0.11261343210935593,0.865348219871521
some items don't work!,neutral,neutral,0.7126452922821045,0.19643519818782806,0.7126452922821045,0.09091947227716446
map animation still has bug.,negative,neutral,0.6816418766975403,0.16379708051681519,0.6816418766975403,0.15456107258796692
"ignores some files, loads a few others",neutral,negative,0.5158585906028748,0.5158585906028748,0.4497804641723633,0.03436097130179405
it's not as good as it used to be,neutral,neutral,0.6555960774421692,0.2605869472026825,0.6555960774421692,0.0838169977068901
"good, but needs things",positive,neutral,0.6154431104660034,0.0127107547596097,0.6154431104660034,0.37184616923332214
not working properly on samsung galaxy a <number> .,negative,negative,0.9140338897705078,0.9140338897705078,0.07432011514902115,0.011646009050309658
views pdfs better then stock app but it doesn't see pdf's on sd card,negative,neutral,0.708939790725708,0.10513879358768463,0.708939790725708,0.18592147529125214
no way to get rid of ads on terrible screen layout.,negative,negative,0.9540937542915344,0.9540937542915344,0.03706486523151398,0.008841280825436115
required an account. i want an app to edit pictures on my phone. the online storage and synchronization should be an optional feature; not a requirement.,negative,neutral,0.6126160621643066,0.34682127833366394,0.6126160621643066,0.040562666952610016
ok with local weather love the thunder part of the app,positive,positive,0.5895587205886841,0.01396838016808033,0.3964729309082031,0.5895587205886841
trivago the tru app,neutral,positive,0.41804277896881104,0.1964874565601349,0.3854697346687317,0.41804277896881104
add a floating notification,positive,neutral,0.5798183679580688,0.06878194212913513,0.5798183679580688,0.351399689912796
why i can not share video on bbm group; too many update but no significant effect,negative,neutral,0.7515575885772705,0.17291440069675446,0.7515575885772705,0.07552805542945862
limited options for search,negative,neutral,0.8196778893470764,0.047318410128355026,0.8196778893470764,0.13300375640392303
good for messaging not for calls,neutral,neutral,0.7712035179138184,0.06960030645132065,0.7712035179138184,0.1591961830854416
"it's available when i need it and it's more accurate than other weather apps i've tried. update(jan <number> ) <url> recent california winter has been crazy, and frankly this app has let me down with inaccurate forecasts for most of it. comparatively, the google now app is more accurate. maybe the sensors in my area are just bad. when it's fixed, i revisit my review.",neutral,positive,0.5446940064430237,0.021426452323794365,0.4338794946670532,0.5446940064430237
you could add a bit more features. birthmarks scars moles etc,positive,positive,0.72090744972229,0.01723354123532772,0.26185905933380127,0.72090744972229
i am using it before <number> years,positive,neutral,0.46475955843925476,0.20148633420467377,0.46475955843925476,0.3337540924549103
like many sites if you visit a chosen hotel more than once or twice the price rises!,neutral,positive,0.853068470954895,0.01063097920268774,0.13630053400993347,0.853068470954895
amazing experience so far with this. iam being familiar with it.,positive,positive,0.9149901866912842,0.012572437524795532,0.0724373310804367,0.9149901866912842
doesn't save properly half the time and definitely could use some more filters.,negative,neutral,0.810552716255188,0.13612334430217743,0.810552716255188,0.053323905915021896
why is the iphone app so much better!,negative,neutral,0.5713922381401062,0.3228221833705902,0.5713922381401062,0.10578550398349762
"browser not opening sites, it just ideal.",negative,neutral,0.7696305513381958,0.07984354346990585,0.7696305513381958,0.15052589774131775
"continuous crashing, won't even open now.",negative,negative,0.9678359627723694,0.9678359627723694,0.025204848498106003,0.006959216669201851
they forced me to rate them so i docked a star.,neutral,negative,0.9604172706604004,0.9604172706604004,0.03041652962565422,0.00916620995849371
lame. doesnt work for samsung intercept,negative,negative,0.9617599844932556,0.9617599844932556,0.03083266131579876,0.0074073439463973045
of mice and man,negative,negative,0.7340338826179504,0.7340338826179504,0.20326519012451172,0.06270093470811844
only thing missing is custom notification,positive,positive,0.7881693840026855,0.022918177768588066,0.18891243636608124,0.7881693840026855
video cant open after click tha video,negative,negative,0.9001970887184143,0.9001970887184143,0.08853966742753983,0.011263220570981503
weather animation has stopped and will not start. has been off nearly <number> weeks.,negative,negative,0.9278343915939331,0.9278343915939331,0.06286639720201492,0.009299293160438538
"i just came here because this app was featured on silicon valley, looks like a great app with an attractive interface.",positive,positive,0.7891671061515808,0.025851327925920486,0.1849815398454666,0.7891671061515808
it's okay except for i have a lg phone and it doesn't work that well with the lg phone,positive,neutral,0.8791462779045105,0.030992034822702408,0.8791462779045105,0.08986170589923859
cannot open or detect image file imported from nikon <number> j <number> camera which has .jpeg <url> i had to convert it first or use another photo app editing and save <url> so lightroom could detect the file <url>,neutral,neutral,0.5746387839317322,0.3876340985298157,0.5746387839317322,0.037727050483226776
having trouble downloading the app,negative,neutral,0.7106444239616394,0.22252443432807922,0.7106444239616394,0.06683116406202316
i can't sent it through my messages to my contacts. only through facebook and that is absolutely ridiculous. this app sucks,negative,negative,0.9655702710151672,0.9655702710151672,0.027371132746338844,0.007058527786284685
very quickly reservation done.,positive,positive,0.9084482789039612,0.014729526825249195,0.07682212442159653,0.9084482789039612
<salutation> please give setting to turn it off,negative,neutral,0.49321502447128296,0.12094390392303467,0.49321502447128296,0.38584104180336
fantastic app to track lighting! the rest of the app is the same as any other really. but in fairness i do not use the rest of the app.,positive,positive,0.7496934533119202,0.014675646089017391,0.2356308400630951,0.7496934533119202
service is good but app is not much android oriented,neutral,neutral,0.7972444891929626,0.04321577399969101,0.7972444891929626,0.15953980386257172
this app is better,neutral,positive,0.4179369807243347,0.17239321768283844,0.40966981649398804,0.4179369807243347
the improvement are a lot better but it would be nice to be able to send large mp <number> or mp <number> files via bbm.,positive,positive,0.5551467537879944,0.015194935724139214,0.42965829372406006,0.5551467537879944
viuggg hang with my life in your help me a lot and then you have any attachments may contain information contained herein including attachments if it would love the way i will have been sent me a new one day i was thinking about my life in your,positive,positive,0.5785505175590515,0.03839825466275215,0.38305118680000305,0.5785505175590515
can't get to work for motorola droid,negative,negative,0.9513038992881775,0.9513038992881775,0.040985122323036194,0.007711000740528107
bad for the aap is hanging,neutral,negative,0.9177191257476807,0.9177191257476807,0.06640122830867767,0.015879569575190544
its really <url> though remove the trial days remaining,positive,neutral,0.5869498252868652,0.0772528126835823,0.5869498252868652,0.33579733967781067
horrible radar. constant storm alerts with no storms around,negative,negative,0.9639978408813477,0.9639978408813477,0.02720702439546585,0.008795080706477165
cool idea pain da butt to use then at times wont work <url>,negative,negative,0.5469844341278076,0.5469844341278076,0.4142429828643799,0.03877256065607071
new update v <number> . <number> crashes all the time,positive,negative,0.9106981158256531,0.9106981158256531,0.07575299590826035,0.013548821210861206
"it's okay (at least, freebies now included) <url>",neutral,neutral,0.7762131094932556,0.016772855073213577,0.7762131094932556,0.20701399445533752
only <number> stars since it will not let me delete any files. please fix.,neutral,neutral,0.5451796054840088,0.041455209255218506,0.5451796054840088,0.41336512565612793
does what it is supposed to do and does it well.,positive,positive,0.762464702129364,0.01727622002363205,0.22025901079177856,0.762464702129364
"very useful, but has a few annoyances",positive,positive,0.7742921710014343,0.009207433089613914,0.2165004014968872,0.7742921710014343
can't download <url>,negative,negative,0.906909704208374,0.906909704208374,0.08226122707128525,0.010829058475792408
"generally a good pdf viewer. i love the reading mode that reflow text and adjust font for better reading experience. the only problem, or i should call it a bug, is that it seems like this mode hates to see <number> letters ""f"" & ""i"" being together. for words like ""find"", ""first"", ""prefix"", etc. you will see only ""nd"", ""rst"", ""prex"", etc.",positive,positive,0.7735533714294434,0.011983530595898628,0.214463010430336,0.7735533714294434
no support for paid ad-free version,neutral,negative,0.8950393795967102,0.8950393795967102,0.09189270436763763,0.013067961670458317
i like this app,positive,positive,0.8170688152313232,0.022117003798484802,0.16081419587135315,0.8170688152313232
used to use it for studying but after reacent update it won't open. please fix,neutral,negative,0.6467005014419556,0.6467005014419556,0.30446237325668335,0.04883718863129616
last update is a disaster,negative,negative,0.911796510219574,0.911796510219574,0.07149235904216766,0.016711199656128883
would be better if emoji's didn't disappear when new ones are added,neutral,neutral,0.6435598134994507,0.024128440767526627,0.6435598134994507,0.3323117196559906
good for basic stuff,neutral,positive,0.5665923357009888,0.02261924371123314,0.4107884168624878,0.5665923357009888
fun but android needs more options!!,neutral,positive,0.6498245596885681,0.013751361519098282,0.3364240527153015,0.6498245596885681
"the usual mediocre bare bone pdf reader from adobe, totally lacking in functionality. repligo reader is better",negative,neutral,0.5254318118095398,0.4203339219093323,0.5254318118095398,0.054234251379966736
stays open in background,negative,neutral,0.6177012920379639,0.2489425241947174,0.6177012920379639,0.13335618376731873
it's actually helpful.,positive,positive,0.7025351524353027,0.009335964918136597,0.28812891244888306,0.7025351524353027
good enough and satisfied result <url> its quite good aap,neutral,positive,0.7287253141403198,0.009906732477247715,0.2613679766654968,0.7287253141403198
why songs are not downloading from the websites. there is always showing error. whenever i download some song. pls fix this bugg,neutral,neutral,0.5144075751304626,0.4326119124889374,0.5144075751304626,0.05298059433698654
booking is simple and straight forward.,positive,neutral,0.4991918206214905,0.04650295525789261,0.4991918206214905,0.4543052017688751
"a really good and practical app, however like every other app it still has room for improvement!",positive,positive,0.9093564748764038,0.006553221959620714,0.08409026265144348,0.9093564748764038
excellent pdf viewer rendered unusable by the inability to jump to a page and by the fact that it doesn't remember where you were or bookmarks.,negative,neutral,0.6366482973098755,0.033578742295503616,0.6366482973098755,0.32977294921875
good site but still faceing issue with hotel even we confirm through app,positive,positive,0.49300822615623474,0.016659976914525032,0.4903317987918854,0.49300822615623474
it took forever to download,neutral,negative,0.5661719441413879,0.5661719441413879,0.3898411691188812,0.043986834585666656
i've started using the lightroom camera to take all my photos in raw (dng) and i've noticed today that while out at <number> : <number> on <number> / <number> / <number> and taking pictures the time and date stamp on the images says <number> : <number> <number> / <number> / <number> . what's all that about? i can't change it so where does it get it's info from? also the preview does not show the correct colour. it does when using the slider but as soon as i let it go the image reverts back to a almost black and white.,neutral,neutral,0.7337546348571777,0.1349235326051712,0.7337546348571777,0.13132183253765106
it's cute for younger people but i use it some. i'm <number> yrs old.,positive,positive,0.6647810935974121,0.014061889611184597,0.3211570680141449,0.6647810935974121
"i had login throught google + <url> but i changed my mind and wanted to login through <url> so, i logged out !!! now, i cannot login back. the app is going back to registration page with the option to login to facebook !!! please look into the solution for this !",neutral,negative,0.9147710800170898,0.9147710800170898,0.07463895529508591,0.010590030811727047
please could we have the option to install to sd card. what is the point in having a large sd card if it doesn't even get used,negative,neutral,0.7686074376106262,0.06871944665908813,0.7686074376106262,0.16267311573028564
wont open at all,negative,negative,0.9458292722702026,0.9458292722702026,0.04619909077882767,0.007971687242388725
good stickers allow users to express better. how come i cannot use bbm calls?,neutral,positive,0.5587770938873291,0.019169699400663376,0.42205315828323364,0.5587770938873291
why pr have no radar????,negative,negative,0.45550280809402466,0.45550280809402466,0.43566638231277466,0.10883078724145889
before it can connect even the signal is weak now it needs more signal to connect,neutral,neutral,0.6630315184593201,0.2655671238899231,0.6630315184593201,0.07140135765075684
radar maps are all wrong,negative,negative,0.9371266961097717,0.9371266961097717,0.05200592055916786,0.010867402888834476
it is fast downloading app,positive,positive,0.8737021088600159,0.010481654666364193,0.11581618338823318,0.8737021088600159
make it a zoo or fish tank,positive,positive,0.5410178899765015,0.046286776661872864,0.41269537806510925,0.5410178899765015
waah!!! so nice app,positive,positive,0.8702651858329773,0.01369082648307085,0.11604394763708115,0.8702651858329773
why pay that price for tablet use,negative,negative,0.8180610537528992,0.8180610537528992,0.1565704494714737,0.02536845952272415
good bit doesn't have the choices in search section for type of rooms such as not-smoking or soundproof ones or double-room etc.,positive,neutral,0.7605539560317993,0.022822517901659012,0.7605539560317993,0.21662358939647675
too slow at times,neutral,neutral,0.7757539749145508,0.15184235572814941,0.7757539749145508,0.07240364700555801
it's very easy to use and all types of format documents easily opened,positive,positive,0.9001384377479553,0.012755346484482288,0.08710615336894989,0.9001384377479553
can not sign in,negative,negative,0.930755078792572,0.930755078792572,0.059612516313791275,0.00963241420686245
it makes team communication highly open and accessible,positive,positive,0.9468758702278137,0.009036961942911148,0.04408721998333931,0.9468758702278137
when message is being sent it takes time to be received,neutral,neutral,0.7276862859725952,0.174743190407753,0.7276862859725952,0.09757059067487717
pretty accurate for the most part i think,positive,positive,0.906810462474823,0.007313455455005169,0.08587608486413956,0.906810462474823
spark is about the only good thing,neutral,neutral,0.4807695746421814,0.047674112021923065,0.4807695746421814,0.4715563654899597
broke the upload photo feature,negative,negative,0.7690762281417847,0.7690762281417847,0.19771595299243927,0.03320783004164696
best app but suggest download stop,positive,neutral,0.5586254000663757,0.023563886061310768,0.5586254000663757,0.41781067848205566
some hotels are a bit shady,neutral,neutral,0.7790127992630005,0.07137081027030945,0.7790127992630005,0.14961634576320648
its fun to see you're own emoji !,neutral,positive,0.6871468424797058,0.017007077112793922,0.2958461046218872,0.6871468424797058
its not so great as i expected it to be,neutral,neutral,0.8254213929176331,0.09970666468143463,0.8254213929176331,0.07487192004919052
keeps going down n the ads r anoying,negative,negative,0.5501149296760559,0.5501149296760559,0.4073896110057831,0.04249545931816101
it was good enough until i can't change my display picture,negative,neutral,0.7493979930877686,0.02122870832681656,0.7493979930877686,0.2293732911348343
it's a trial. editing feature not impressive.,positive,neutral,0.7888895273208618,0.08760879188776016,0.7888895273208618,0.12350165843963623
love it <url> great job <url>,neutral,positive,0.561650812625885,0.1148366630077362,0.32351255416870117,0.561650812625885
used to be good,negative,negative,0.7935773730278015,0.7935773730278015,0.1760099083185196,0.030412746593356133
very good and useful app,positive,positive,0.930685818195343,0.010027933865785599,0.05928630754351616,0.930685818195343
"the app will no longer let me delete locations. uninstalled, and reinstalled and they are still there. frustrating.",neutral,negative,0.9464908242225647,0.9464908242225647,0.04569534212350845,0.0078138941898942
"buggy, ambigue and less features",negative,neutral,0.8289229869842529,0.09822093695402145,0.8289229869842529,0.07285609096288681
"this has helped my productivity a lot. i've only recently started experiencing issues with it. before, the app used to count extra time i went without using my phone even after the <number> min mark. it was really gratifying to see how much longer i was able to last + it contributed to my forest and my overall focus count. but now it isn't doing that? so it kind of discourages me from continuing to work past the sound of the timer even if i feel like i could. if it's possible, please do something about that.",neutral,neutral,0.6248995065689087,0.029282862320542336,0.6248995065689087,0.3458176255226135
"zooming slow, okay otherwise",neutral,neutral,0.849621057510376,0.050540532916784286,0.849621057510376,0.09983845800161362
"fix zoom in attached images! it doesn't work first <number> seconds the image open, and for gif it doesn't work at all. and is that tat hard to add rotation you've ""planned to add"" a year ago? where's a font size setting or guesture scale sor chat?",neutral,neutral,0.4844409227371216,0.4794003665447235,0.4844409227371216,0.0361587218940258
when will the local adjustments tool be disponible for android users?? hope it's included on the next actualization !!,positive,positive,0.5368918180465698,0.03163842484354973,0.43146973848342896,0.5368918180465698
just started using it !,positive,negative,0.5245896577835083,0.5245896577835083,0.34220799803733826,0.13320226967334747
so cute. wish it were easier to access via other apps,positive,positive,0.6966931223869324,0.020747022703289986,0.282559871673584,0.6966931223869324
really like the way this app has evolved from it's first version. please add android wear notification service asap. its really easy to add and people are badly missing it.,positive,positive,0.8815587162971497,0.010660330764949322,0.10778093338012695,0.8815587162971497
"good on mobile devices ,simply good on move",positive,positive,0.678812563419342,0.010552587918937206,0.3106348514556885,0.678812563419342
need to avoid unwanted ads and also enhance the downloading speed. overall nice app.,positive,positive,0.8740831017494202,0.006801850162446499,0.11911504715681076,0.8740831017494202
"i really like this app and is what i go to when i start loosing concentration. i wish there were more stats and plant types, also more beautifully animated and things that change <url>",positive,positive,0.9303402304649353,0.008729670196771622,0.060930073261260986,0.9303402304649353
was <url> now radar broken,negative,negative,0.9188539385795593,0.9188539385795593,0.06687930971384048,0.014266778714954853
booking bait and switch,negative,negative,0.921455442905426,0.921455442905426,0.06146007403731346,0.017084477469325066
this seems like it would be cool,negative,neutral,0.6427832245826721,0.028282737359404564,0.6427832245826721,0.32893407344818115
cannot see my photo's on device,negative,negative,0.48423314094543457,0.48423314094543457,0.4817105829715729,0.034056298434734344
so far so good!! i love it.,positive,positive,0.8945366740226746,0.02015262469649315,0.08531066030263901,0.8945366740226746
"such an intrusive browser, coming from china. it can't be trusted with your online activities. indians, be aware.",negative,negative,0.8754453063011169,0.8754453063011169,0.10851657390594482,0.01603817008435726
hi i download this app he is the very good app,positive,positive,0.7656184434890747,0.030893923714756966,0.2034876048564911,0.7656184434890747
where is the download process,positive,neutral,0.68238765001297,0.1791279911994934,0.68238765001297,0.13848429918289185
brill so easy to use,positive,positive,0.6903048157691956,0.023021023720502853,0.2866742014884949,0.6903048157691956
the app isn't working on the note <number> . i'll update my review if/when it works.,negative,negative,0.7526174187660217,0.7526174187660217,0.22047536075115204,0.02690727263689041
"""you have cancelled your entire <url> ""???",negative,negative,0.9344269633293152,0.9344269633293152,0.05225352942943573,0.013319544494152069
it good for local german reports nearly as good as <url>,positive,positive,0.6262921094894409,0.013734456151723862,0.3599734604358673,0.6262921094894409
does what i need it to,neutral,positive,0.7807497382164001,0.019263938069343567,0.19998635351657867,0.7807497382164001
it's good for communication,neutral,positive,0.7221677303314209,0.010862401686608791,0.2669698894023895,0.7221677303314209
it sometimes sends the wrong <url>,neutral,negative,0.6156671047210693,0.6156671047210693,0.33959299325942993,0.044739849865436554
please add the feature of sharpen and blur,neutral,positive,0.7419721484184265,0.018828731030225754,0.23919910192489624,0.7419721484184265
notifications aren't working???,positive,negative,0.6122005581855774,0.6122005581855774,0.3283116817474365,0.05948773771524429
lag while zoom in/out,positive,neutral,0.5859627723693848,0.08081118762493134,0.5859627723693848,0.3332260847091675
had some slowness issues?,positive,neutral,0.7419747710227966,0.030180741101503372,0.7419747710227966,0.2278444468975067
awesome app one of the <signature>,positive,positive,0.9087339639663696,0.014077256433665752,0.07718870788812637,0.9087339639663696
it does great and gives accurate weather information,positive,positive,0.9426676630973816,0.007389559410512447,0.04994278773665428,0.9426676630973816
bogus . there are several aps much useful,negative,neutral,0.7920085191726685,0.10967840999364853,0.7920085191726685,0.09831307828426361
'no notifications' doesn't work.,negative,negative,0.9253599047660828,0.9253599047660828,0.06409125030040741,0.01054883562028408
great app for managing hotel reservations on the go. it's also nice to earn rewards for frequent stays. i think this is the <signature>,positive,positive,0.9342954158782959,0.007988632656633854,0.05771592631936073,0.9342954158782959
app keeps crashing. unable to open after latest update.,positive,negative,0.960681140422821,0.960681140422821,0.03161822259426117,0.007700668182224035
always update but nothing improve,neutral,neutral,0.7338303327560425,0.03997781500220299,0.7338303327560425,0.22619183361530304
"great concept, poor implementation",neutral,negative,0.8260225057601929,0.8260225057601929,0.15106849372386932,0.022909073159098625
contact picture not show.,negative,neutral,0.5618758201599121,0.36782750487327576,0.5618758201599121,0.07029661536216736
canon cr <number> support please,neutral,neutral,0.4941951036453247,0.10642817616462708,0.4941951036453247,0.3993767499923706
this thing is a trap! it will take your money,negative,negative,0.9635058045387268,0.9635058045387268,0.02696395106613636,0.009530309587717056
"the icon re-design is a tremendous eye-sore more fit to be the face of a pharmaceutical firm, and they didnt put any extra effort into making the app on any of the platforms, leaving gaps in design. no dark mode, no voip, no collapsing the sidebar on ios or windows. i use it because my friends do.",negative,neutral,0.6212581396102905,0.311722069978714,0.6212581396102905,0.06701977550983429
"just need an option to mute notifications (some of us work different timezones and like sleep), other than that it works pretty well!",positive,neutral,0.49481600522994995,0.013626458123326302,0.49481600522994995,0.4915575087070465
good for net work download,positive,positive,0.6371182799339294,0.012059679254889488,0.3508220613002777,0.6371182799339294
i want this feature,positive,positive,0.47318753600120544,0.0880500078201294,0.43876251578330994,0.47318753600120544
content rating: low maturity,positive,neutral,0.6145752668380737,0.3105427324771881,0.6145752668380737,0.07488204538822174
this application doesn't work in my handphone,negative,negative,0.9657326936721802,0.9657326936721802,0.026874151080846786,0.007393199950456619
slack chat is good,positive,neutral,0.5775963068008423,0.08205161988735199,0.5775963068008423,0.3403520882129669
i find the user experience superior to other apps.,positive,positive,0.7533645629882812,0.019771495833992958,0.22686398029327393,0.7533645629882812
"great app, needs better ui on reviews",neutral,positive,0.8286387920379639,0.011814088560640812,0.1595471352338791,0.8286387920379639
great new camera in-app,positive,positive,0.9074989557266235,0.022907575592398643,0.06959351152181625,0.9074989557266235
would be <number> <url>,negative,neutral,0.6403583884239197,0.11458007991313934,0.6403583884239197,0.24506151676177979
it's a good application,neutral,positive,0.7950829863548279,0.008526409044861794,0.19639058411121368,0.7950829863548279
"five star service, two star app",negative,positive,0.48512551188468933,0.15878517925739288,0.35608935356140137,0.48512551188468933
everytime my phone went on sleep it killed the tree and became completely pointless because i would've had to tap my phone every <number> seconds to keep it from locking and killing the tree.,negative,negative,0.9655624628067017,0.9655624628067017,0.027303842827677727,0.0071336799301207066
bbm isnt the <signature>,neutral,neutral,0.5503124594688416,0.3693501651287079,0.5503124594688416,0.08033734560012817
can you please give a little speed more on download,neutral,positive,0.6100946664810181,0.019222145900130272,0.3706831932067871,0.6100946664810181
need support for .cr <number> format,positive,neutral,0.7905969023704529,0.12698006629943848,0.7905969023704529,0.08242302387952805
"unecessarily complicated and cumbersome. it's so difficult to create new workspaces and move people from one to another. if you don't have someone's email address memorized, good luck! this app has a long way to go to be truly useful every day. in addition to the above, notifications are a bit of a nightmare. i've missed out on a lot of critical messages because notifications just don't work when they need to. i've run out of room for feedback but i could go <url>",negative,neutral,0.7509908676147461,0.18574529886245728,0.7509908676147461,0.06326378136873245
i'm surprised hdr is not supported on the huawei nexus <number> p. i realize it is isn't as new as the pixels but it's still a pretty fast phone.,neutral,positive,0.5091226100921631,0.01795830950140953,0.4729190170764923,0.5091226100921631
where is the bookmarks?,neutral,neutral,0.4782823622226715,0.4150240123271942,0.4782823622226715,0.10669365525245667
"love this app, developers have been brilliant at fixing bugs and the feedback system is great!",neutral,positive,0.8874396681785583,0.02621663734316826,0.08634363859891891,0.8874396681785583
i want to give this app <number> <url>,negative,negative,0.9123951196670532,0.9123951196670532,0.07029502093791962,0.01730986498296261
cant even sign in or sign up,negative,negative,0.9591689705848694,0.9591689705848694,0.03316842019557953,0.007662564981728792
"very nice weather app. would like to see more detail on air quality, pollen, etc",positive,positive,0.8940293192863464,0.007790602743625641,0.09818011522293091,0.8940293192863464
simple to use. nice option to search via map,positive,positive,0.8191749453544617,0.009668500162661076,0.17115655541419983,0.8191749453544617
what a huge step backwards for useability.,negative,positive,0.7945399284362793,0.02229263074696064,0.18316742777824402,0.7945399284362793
it is what it is!,neutral,neutral,0.435444712638855,0.16335894167423248,0.435444712638855,0.40119633078575134
"+pinch zoom, +++reflow text, --render speed on scroll, ---should find all pdf including dowloaded by browser, --no search, ---no images in reflow",negative,negative,0.8027744293212891,0.8027744293212891,0.17947788536548615,0.017747728154063225
this app keeps killing my tree whenever i off my <url> this is so bad. i ended up kore time restarting the timer.,negative,negative,0.961659848690033,0.961659848690033,0.031232643872499466,0.007107455749064684
website offers better and more search options.,negative,positive,0.7521862983703613,0.029425544664263725,0.21838818490505219,0.7521862983703613
i love this browser,positive,positive,0.35014787316322327,0.31574705243110657,0.33410507440567017,0.35014787316322327
not always perfectly accurate. i like the hourly forecast.,positive,positive,0.6467519402503967,0.014564115554094315,0.33868399262428284,0.6467519402503967
mobile notifications not working,neutral,negative,0.6778453588485718,0.6778453588485718,0.2779063284397125,0.04424836486577988
cannot unlock password protected ebooks. can't even interact with links or buttons. worthless for password protected ebooks.,negative,negative,0.9652804732322693,0.9652804732322693,0.027335504069924355,0.007383902091532946
this app is an nice good for everything i need but they are problems u must fix,positive,positive,0.5453418493270874,0.019468549638986588,0.4351896047592163,0.5453418493270874
getting worse than before,neutral,negative,0.6133245825767517,0.6133245825767517,0.3257678151130676,0.060907572507858276
it's easier and efficient,positive,positive,0.8608298897743225,0.012397976592183113,0.12677213549613953,0.8608298897743225
"what the mobile developers do not understand is: do not ever ever change the application icon! the icon shape and color are used to quickly identify an app between other dozen apps. that's how the brain works! moreover, an update only for the app icon? where is the video recording option? i use slack daily (it's the main chat / video conferencing solution where i work) and you can simply cannot record meetings!",negative,negative,0.692710280418396,0.692710280418396,0.2777737081050873,0.029515990987420082
"cute and accurate, but no long hair",neutral,positive,0.9161995649337769,0.009201985783874989,0.07459837198257446,0.9161995649337769
used to work. not anymore,negative,negative,0.9235061407089233,0.9235061407089233,0.06638078391551971,0.010113020427525043
an outstanding way of communication with the team.,positive,positive,0.9463861584663391,0.008485736325383186,0.045128077268600464,0.9463861584663391
internet is better than this because,neutral,neutral,0.5848842263221741,0.09990672022104263,0.5848842263221741,0.3152090609073639
"sucks. force close, pdf never opens. htc hero.",negative,negative,0.9695557355880737,0.9695557355880737,0.023094894364476204,0.00734939007088542
"i like it just wish tht we had more choices for the avatar and the body shapes were more womenly, besides that i think it's great!",neutral,positive,0.8976191282272339,0.007220813538879156,0.09516005218029022,0.8976191282272339
was great when it worked,negative,negative,0.5213751792907715,0.5213751792907715,0.4025840163230896,0.07604078948497772
update has ruined functionality. now difficult to search rooms for <number> people etc. terrible terrible terrible!,negative,negative,0.9693277478218079,0.9693277478218079,0.023669594898819923,0.007002603262662888
would like it better if you could use this app in fb <url>,neutral,neutral,0.6041027307510376,0.030585188418626785,0.6041027307510376,0.3653120994567871
great app with potential.,positive,positive,0.9148005843162537,0.010465099476277828,0.07473435252904892,0.9148005843162537
handles small pdf files really well. needs bookmarks.,neutral,neutral,0.8369112014770508,0.04559795558452606,0.8369112014770508,0.11749082803726196
why not a mobile web version ??!!?!,negative,neutral,0.5378740429878235,0.3186529576778412,0.5378740429878235,0.14347298443317413
"i love this app, the ui is nice and smooth, no bugs what-so-ever, and it knows when i press the home button and enter another app. (turn on advanced something in the settings) looks very smooth, and it works as it should! the problem is, i can't lock my phone without killing the tree, and it wastes the battery. that's pretty much my only complaint! (i'm fairly new to the app, and i heard that when your forest gets full, that you can't put in anymore trees. if so, please let the forest expand as well.)",positive,positive,0.8438872694969177,0.013391045853495598,0.14272169768810272,0.8438872694969177
i was addicted to game and other stuff my personal work ratio was too down and this app really help <url> !,positive,neutral,0.5653308629989624,0.16820882260799408,0.5653308629989624,0.2664603590965271
stuck in update mode,negative,negative,0.6908618211746216,0.6908618211746216,0.2664877474308014,0.04265035316348076
while downloading music it goes to play store .,neutral,neutral,0.5402776598930359,0.41455814242362976,0.5402776598930359,0.04516419395804405
can't append it to sd card when updated in htc wildfire,negative,negative,0.5273218154907227,0.5273218154907227,0.44804444909095764,0.024633707478642464
free emoticons are <url> good,neutral,neutral,0.602426290512085,0.02710491605103016,0.602426290512085,0.37046879529953003
"i could plant the tree while watching youtube , no different than clash of clans",negative,positive,0.47004982829093933,0.07370049506425858,0.4562497138977051,0.47004982829093933
bbm cant connect properly,negative,negative,0.7877336740493774,0.7877336740493774,0.18832406401634216,0.0239422470331192
"it would be cooler if you could mix and match the pants, shoes, shirts, jackets, etc. instead of having to choose from predetermined outfits. i want to make my own outfit!",positive,positive,0.7085285782814026,0.01903684251010418,0.2724345922470093,0.7085285782814026
"works fine, too many ads",positive,neutral,0.7876215577125549,0.06417124718427658,0.7876215577125549,0.1482071727514267
they okay good on the <number> day forecast.!,neutral,positive,0.5545543432235718,0.012719472870230675,0.4327261447906494,0.5545543432235718
"when it works, it's good. but far too many crashes on my galaxy tab s <number> .",neutral,neutral,0.7396966218948364,0.015457631088793278,0.7396966218948364,0.24484577775001526
terrible it now no longer works the way it used to. it was the <signature>,negative,negative,0.9685907363891602,0.9685907363891602,0.02372078411281109,0.007688515819609165
push notifications not reliable,positive,neutral,0.7173585891723633,0.1826566457748413,0.7173585891723633,0.0999847874045372
went out and can't access it ny more. what happened. says i have <number> go thru fb or my email and i have <number> sign up and in wen i've been using it <number> the past <number> months. what happened!,neutral,negative,0.9508574604988098,0.9508574604988098,0.042302053421735764,0.0068405247293412685
to set a profile picture is very frustrating as the current set up/method cuts out most of the picture. this really should be adjusted.,neutral,neutral,0.759667158126831,0.11378040909767151,0.759667158126831,0.12655237317085266
i liked <url> this is very useful,positive,positive,0.7736573219299316,0.014373229816555977,0.21196940541267395,0.7736573219299316
if your not using this to book your loosing out,neutral,negative,0.6852352023124695,0.6852352023124695,0.27575209736824036,0.03901270404458046
"the app keeps asking me to rate it despite me constantly telling it ""no"" so i'm rating it <number> star out of spite and partially because they don't actually follow the choices they give you.",negative,neutral,0.4678449034690857,0.45789021253585815,0.4678449034690857,0.07426493614912033
"uc browser is a fantastic browser application. the team behind the creation of this application have all done a wonderful job. keep it up as you continue to improve upon this great application. however, i wish to suggest that option to be able to send applications in speed mode { facebook, twitter etc} to phone desktop/home screen be incorporated into this application. secondly, make it possible to be able to select and set desired audio file as alert tones for applications like facebook etc. we therefore look forward to seeing these options in your next update sir. <signature>",neutral,positive,0.8884555697441101,0.012020710855722427,0.09952374547719955,0.8884555697441101
"battery drain, battery drain, battery drain",negative,negative,0.7125073671340942,0.7125073671340942,0.256678968667984,0.030813606455922127
won't open raw files,negative,negative,0.9260351657867432,0.9260351657867432,0.06425809115171432,0.009706763550639153
force closes on samsung moment w/android v <number> . <number>,negative,negative,0.8512378931045532,0.8512378931045532,0.11871609091758728,0.0300460122525692
not as good as desktop app .too slow while navigaring to different channels amd personal chats.,neutral,neutral,0.6836527585983276,0.2711911201477051,0.6836527585983276,0.0451560914516449
weather is nice and shows precipitation also,positive,positive,0.530821681022644,0.027827391400933266,0.44135087728500366,0.530821681022644
"won't let me add locations, other than that, works well.",neutral,neutral,0.8195717930793762,0.0960264801979065,0.8195717930793762,0.08440179377794266
note <number> <url> of nov <number> th.,negative,neutral,0.5133467316627502,0.268226683139801,0.5133467316627502,0.21842660009860992
rooms sold not always available,neutral,neutral,0.5304363369941711,0.37187787890434265,0.5304363369941711,0.09768584370613098
please add a feature!,neutral,positive,0.7164804339408875,0.0207369327545166,0.26278266310691833,0.7164804339408875
so many ads r coming i hate this app,negative,negative,0.9585501551628113,0.9585501551628113,0.03315777704119682,0.008292071521282196
it does what it's supposed to.,positive,neutral,0.5973786115646362,0.034344274550676346,0.5973786115646362,0.36827710270881653
it really sucks that disabling wysisyg in the settings does not work. i want my input freedom.,negative,negative,0.7530013918876648,0.7530013918876648,0.22742216289043427,0.01957646943628788
it's a decent app,positive,positive,0.5593366622924805,0.01046066265553236,0.4302026331424713,0.5593366622924805
have issue on redmi note <number>,neutral,neutral,0.702904224395752,0.20722953975200653,0.702904224395752,0.08986622095108032
"i would give it <number> , but it keeps stopping when converting text to pdf",positive,neutral,0.6780768036842346,0.04284963756799698,0.6780768036842346,0.2790736258029938
very good for me,positive,positive,0.8326069116592407,0.015919936820864677,0.15147309005260468,0.8326069116592407
"app whitelisting doesn't work, everything works fine when whitelisting is turned off (tree withers when i exit the app) but when it's on, i can access any app without the tree dying, not just the whitelisted ones. i've also turned on the advanced detection mode, does not help.",neutral,neutral,0.5171521306037903,0.44668444991111755,0.5171521306037903,0.03616340830922127
"this ""use"" to be the greatest weather app right up until <url> latest update froze radar animation and i don't get alerts until i open the app. deleting and going to find a better app.",negative,negative,0.9153947830200195,0.9153947830200195,0.07170236855745316,0.012902881018817425
"it does its job, but asking each time to rate the app is infuriating",neutral,neutral,0.8053080439567566,0.03607288375496864,0.8053080439567566,0.15861910581588745
my weatherbug now tells me im <number> towns away. reported <url> they told me i was dumb basically.,negative,negative,0.6733393669128418,0.6733393669128418,0.28497326374053955,0.04168735444545746
crude humor supports the deteriorating morals of society. not acceptable,negative,negative,0.6328265070915222,0.6328265070915222,0.3251313269138336,0.042042192071676254
after installed the browser <url> phone will hang and some unwanted program to be automatically <url> will affect on <url>,negative,negative,0.8831760883331299,0.8831760883331299,0.10194864124059677,0.014875324442982674
some update or something makes this wonderful app crash. please remedy the issue!!!,neutral,positive,0.6172772645950317,0.046194449067115784,0.33652830123901367,0.6172772645950317
love it but easy on the ads pls,positive,positive,0.7799011468887329,0.019479770213365555,0.20061911642551422,0.7799011468887329
"for all those whose trees are not withering, turn off whitelist mode",neutral,positive,0.5013203620910645,0.07986722886562347,0.4188123643398285,0.5013203620910645
"i really enjoy this app, it's been quite helpful. however, though it counts the time you exceed the preset goal you don't get any extra trees/bushes. this means that i sometimes go over my time focus goal, but only see one lonely tree for my efforts. good bit of a bummer. otherwise, love the app.",positive,positive,0.8722436428070068,0.007892943918704987,0.119863361120224,0.8722436428070068
not as accurate at weather channel but i like that i can choose the radar location.,positive,positive,0.6100098490715027,0.01724628545343876,0.3727438449859619,0.6100098490715027
i prefer the blackberry version to the android version. or maybe i've not discovered all the tricks here.,neutral,positive,0.5012893080711365,0.04136526212096214,0.4573454260826111,0.5012893080711365
great! so much potential!,positive,positive,0.9076935648918152,0.013313701376318932,0.07899273186922073,0.9076935648918152
can't use bbm after update,negative,negative,0.48140764236450195,0.48140764236450195,0.47368597984313965,0.04490634799003601
on getting the latest update the app stopped working all of a sudden. i use samsung galaxy s <number> . please see what has gone wrong. i tried reinstalling the app too. didn't work.,negative,negative,0.9326906204223633,0.9326906204223633,0.05764586105942726,0.009663511998951435
very very slow even on nexus one,negative,negative,0.8210877776145935,0.8210877776145935,0.1621149778366089,0.01679721102118492
like the old version better,positive,positive,0.6258878111839294,0.01839495450258255,0.355717271566391,0.6258878111839294
stop asking me to rate every time i launch the app.,negative,negative,0.801988422870636,0.801988422870636,0.17229075729846954,0.025720838457345963
lots of force closes on galaxy s.,negative,negative,0.7252746820449829,0.7252746820449829,0.2390691637992859,0.035656120628118515
needs more of the core lightroom features,neutral,positive,0.5436908602714539,0.0240168496966362,0.4322923421859741,0.5436908602714539
"great app, just a few things that need addressed. i can no longer ""purchase"" additional trees and i have the $. it says forbidden after taking a while to load. i've uninstalled and reinstalled, running on the most current app and android os <number> . <number> , droid turbo <number> .",neutral,neutral,0.6940221786499023,0.1545257568359375,0.6940221786499023,0.15145210921764374
please add live radar widget!,positive,negative,0.7708094120025635,0.7708094120025635,0.18675395846366882,0.042436633259058
can't quickly link to specific page or bookmark. sucks. quick office is much better for reading pdfs.,negative,negative,0.641741156578064,0.641741156578064,0.3340805768966675,0.02417827770113945
it dose not let you do anything,negative,negative,0.9027038812637329,0.9027038812637329,0.08393418043851852,0.013361929915845394
hourly doesn't match the <number> day,neutral,negative,0.7502717971801758,0.7502717971801758,0.22796963155269623,0.021758541464805603
it's a good app,positive,positive,0.6646574139595032,0.009543007239699364,0.32579952478408813,0.6646574139595032
good app edit picture,positive,positive,0.553068995475769,0.02006356231868267,0.42686745524406433,0.553068995475769
can't bookmark the page! it's hard to read an e-book and remember the page number. i will delete.,negative,neutral,0.48854222893714905,0.47311681509017944,0.48854222893714905,0.0383409783244133
use for fast download,positive,positive,0.6285543441772461,0.05033750832080841,0.3211081326007843,0.6285543441772461
used to be the <signature>,negative,negative,0.7304279208183289,0.7304279208183289,0.23728764057159424,0.03228441998362541
better than most. quick and easy,positive,positive,0.9221110343933105,0.010497352108359337,0.06739158928394318,0.9221110343933105
"not fast in sending and receiving messages, the app needs to be worked on.",negative,neutral,0.7999254465103149,0.14275161921977997,0.7999254465103149,0.057322923094034195
local adjustment not appearing,positive,neutral,0.7147504091262817,0.15181998908519745,0.7147504091262817,0.1334296464920044
used to be great,negative,negative,0.8345891237258911,0.8345891237258911,0.1413571536540985,0.024053730070590973
just got it <url> fingers crossed,neutral,neutral,0.5306006669998169,0.299127995967865,0.5306006669998169,0.17027132213115692
best pic editing <url>,positive,positive,0.7805665135383606,0.019598526880145073,0.1998349279165268,0.7805665135383606
no bookmark or jump page. doesnt remember where i was when closed,negative,negative,0.8154419660568237,0.8154419660568237,0.1697903722524643,0.014767717570066452
"good. only complaint is that sometimes the location on my lock screen is not my current location, but a random one from my saved places.",positive,positive,0.5069264769554138,0.011681248433887959,0.4813923239707947,0.5069264769554138
for the older version,neutral,neutral,0.5101985931396484,0.24466609954833984,0.5101985931396484,0.24513527750968933
"this app is pretty good, but i wish i could use this in my normal keyboard and i hope that it will be animated and have a transparent background",positive,positive,0.6641005873680115,0.011408031918108463,0.32449138164520264,0.6641005873680115
it's very accurate and good,positive,positive,0.9041045904159546,0.007978640496730804,0.0879167690873146,0.9041045904159546
loved it till i got a new phone,negative,negative,0.46861711144447327,0.46861711144447327,0.43588802218437195,0.09549485146999359
works ok but crashes when i rotate my archos <number> .,neutral,neutral,0.8488972187042236,0.0332857146859169,0.8488972187042236,0.11781701445579529
bloats <number> megs needs to be movable to <url>,negative,neutral,0.5024267435073853,0.44395241141319275,0.5024267435073853,0.05362081527709961
shares the way it wants without permission,negative,neutral,0.5530878305435181,0.3461760878562927,0.5530878305435181,0.10073605179786682
external storage for cache,neutral,neutral,0.6794916391372681,0.12240293622016907,0.6794916391372681,0.19810546934604645
the radar map is practically useless now,negative,negative,0.9674502015113831,0.9674502015113831,0.023344378918409348,0.00920544657856226
will not select the correct current location.,negative,neutral,0.5573937892913818,0.40200942754745483,0.5573937892913818,0.04059683904051781
cant edit my avatar and cant log in!!,negative,negative,0.9379512071609497,0.9379512071609497,0.054511066526174545,0.007537705823779106
this is worse than what we call pathetic when it comes to mobile app.,negative,negative,0.9579413533210754,0.9579413533210754,0.03312388435006142,0.00893476139754057
updated to make it worst,negative,negative,0.9472748041152954,0.9472748041152954,0.04099943861365318,0.011725750751793385
the trees do not die when i leave the app which is what the app was supposed to do should i have left the app to use other apps like ig or youtube,negative,negative,0.7605704069137573,0.7605704069137573,0.20524005591869354,0.03418951854109764
new version is a major step back,negative,positive,0.6210770606994629,0.06305799633264542,0.3158649802207947,0.6210770606994629
awesome and secure app,positive,positive,0.912658154964447,0.019752247259020805,0.06758955121040344,0.912658154964447
awful app. really awful.,negative,negative,0.9665094614028931,0.9665094614028931,0.025507070124149323,0.007983529940247536
would rate <number> <url>,negative,neutral,0.716995894908905,0.19245868921279907,0.716995894908905,0.09054545313119888
"makes an incredibly annoying and loud clicking sound through the speakers whenever you take a photo, with no ability to disable it.",neutral,neutral,0.5015776753425598,0.4463980793952942,0.5015776753425598,0.05202420800924301
it's nice but some problems r there,neutral,positive,0.601446807384491,0.009751989506185055,0.3888012170791626,0.601446807384491
have used it for years,positive,positive,0.622102677822113,0.1149938777089119,0.26290348172187805,0.622102677822113
hope it supports split screen,positive,positive,0.5092223882675171,0.02724945731461048,0.4635281264781952,0.5092223882675171
good app to <url> i alwayz prefer uc browser to <url>,positive,neutral,0.5789490938186646,0.01958845742046833,0.5789490938186646,0.4014624059200287
some issues but otherwise excellent,positive,positive,0.8115388751029968,0.008442183025181293,0.18001893162727356,0.8115388751029968
"this app is great, allows you to edit raw files, and almost has all the same options as a desktop/laptop version. the only thing i would really love to see is a brush setting, really all it needs for <number> stars in my books!",positive,positive,0.9207178950309753,0.008824765682220459,0.07045731693506241,0.9207178950309753
basic stuff done well,neutral,positive,0.6052122712135315,0.032892223447561264,0.36189547181129456,0.6052122712135315
unfriendly to free users,negative,negative,0.95743727684021,0.95743727684021,0.034548189491033554,0.008014513179659843
crashed my phone twice in a row doing nothing more then trying to read a <url>,negative,negative,0.9544568061828613,0.9544568061828613,0.03792944550514221,0.007613788358867168
has become unreliable and very inaccurate. loved it and now will get rid of because of terrible forecasts.,negative,negative,0.9351950287818909,0.9351950287818909,0.055846959352493286,0.008957978338003159
still no group contacts like old bbm,negative,neutral,0.6918585300445557,0.1573830544948578,0.6918585300445557,0.15075847506523132
"slow loading, double notifications",neutral,neutral,0.6551958918571472,0.2754012942314148,0.6551958918571472,0.0694027692079544
i love this app but sometimes it is really lagging.,positive,neutral,0.5090503692626953,0.03253208100795746,0.5090503692626953,0.4584175646305084
freezes when opening pdfs. useless. root droid <number> . <number>,negative,negative,0.9657848477363586,0.9657848477363586,0.02624412067234516,0.007971057668328285
"really nice app ,with grt way to analyse yr productivity",positive,positive,0.9036781191825867,0.00704461382701993,0.0892772451043129,0.9036781191825867
great but one major problem,positive,positive,0.7904600501060486,0.0218367837369442,0.18770314753055573,0.7904600501060486
this program needs to be able to jump to specific pages in the pdf. i have a <number> page set of blueprints in need to access multiple times daily. fix,negative,neutral,0.7029162645339966,0.2383214235305786,0.7029162645339966,0.058762360364198685
something went wrong before i could access this app. immediately <url> viruses needed.,negative,negative,0.7966878414154053,0.7966878414154053,0.18048016726970673,0.022831996902823448
last update problem when search number adults,negative,neutral,0.6143518090248108,0.24699804186820984,0.6143518090248108,0.13865011930465698
very good app very easy,positive,positive,0.9099551439285278,0.010622216388583183,0.07942260056734085,0.9099551439285278
it's good app and doesn't contain virus,positive,neutral,0.6774716377258301,0.01799825020134449,0.6774716377258301,0.30453014373779297
please add widgets for slack,positive,positive,0.7231646180152893,0.027486436069011688,0.24934902787208557,0.7231646180152893
add hdr support for htc <number> please!,neutral,positive,0.6287685036659241,0.028720414265990257,0.3425111174583435,0.6287685036659241
"suddenly it's killing all my trees it's was working perfectly, but now i keep getting a ""unknown app'",negative,neutral,0.6709112524986267,0.20415256917476654,0.6709112524986267,0.12493615597486496
well <url> you need access to my files and my camera ? looks like an insecure joke. i 'll install once we are back to serious.,negative,neutral,0.6038598418235779,0.32757940888404846,0.6038598418235779,0.06856068223714828
this app is <url> not as expected,negative,negative,0.5665969848632812,0.5665969848632812,0.380436509847641,0.05296650901436806
please add remind me option,neutral,positive,0.7855558395385742,0.015648839995265007,0.1987953931093216,0.7855558395385742
"original user interface, very usable.",positive,neutral,0.7358047962188721,0.14621137082576752,0.7358047962188721,0.11798380315303802
i use this site for booking over night stays when going on holiday. good hotel and great staff.,positive,positive,0.9327496290206909,0.008692014031112194,0.058558348566293716,0.9327496290206909
can't access my account,negative,negative,0.9531821012496948,0.9531821012496948,0.03993547707796097,0.006882350891828537
very useful to find non-chain hotels--saving lots of money when all you need is a clean room and a servicable bed.,positive,positive,0.9070641398429871,0.007022838108241558,0.08591301739215851,0.9070641398429871
"love it, something for almost every occasion!",positive,positive,0.8997167348861694,0.029139259830117226,0.0711439996957779,0.8997167348861694
doesn't format text correctly,neutral,neutral,0.49662086367607117,0.4667334258556366,0.49662086367607117,0.03664569929242134
"despite all these new pdf readers, this app provides very good benefits",positive,positive,0.838463306427002,0.009344825521111488,0.1521919220685959,0.838463306427002
love it but hate it,neutral,negative,0.5485700964927673,0.5485700964927673,0.35180872678756714,0.0996212288737297
great application. efficient way to browse and book accommodation.,neutral,positive,0.9426330327987671,0.007003369741141796,0.05036357790231705,0.9426330327987671
great mutch eadier than website. quick and convenient,positive,positive,0.8913865685462952,0.01061679795384407,0.09799663722515106,0.8913865685462952
excellent. not needing any permissions is cool.,neutral,positive,0.6456418037414551,0.013121373951435089,0.3412368893623352,0.6456418037414551
"works pretty good, nice to finally have this on android.",positive,positive,0.8802521228790283,0.007332289591431618,0.11241563409566879,0.8802521228790283
to boring and to many adds,negative,neutral,0.5342994928359985,0.3645513355731964,0.5342994928359985,0.10114925354719162
reply from notification and remove bbm channels,neutral,neutral,0.54124516248703,0.2974031865596771,0.54124516248703,0.16135163605213165
love the app but current temperature doesn't stay in the notification bar even though i have it set to go the settings. please fix. i have to constantly open the app for current temp.,positive,positive,0.5783138871192932,0.03959410637617111,0.3820919692516327,0.5783138871192932
i like it . works great,neutral,positive,0.9376553297042847,0.00979450810700655,0.05255012959241867,0.9376553297042847
it's good for documents viewings and managing.,positive,positive,0.8037219047546387,0.010321267880499363,0.18595680594444275,0.8037219047546387
it's good but not too much <url> it's working well,positive,neutral,0.5810869336128235,0.011173132807016373,0.5810869336128235,0.40773993730545044
pic porn on ads,negative,negative,0.8739937543869019,0.8739937543869019,0.10437070578336716,0.021635491400957108
dope! i wish there was a batch deletion feature.,positive,negative,0.8889520168304443,0.8889520168304443,0.09974692761898041,0.011301130056381226
"worked great for years but now it double posts everything i send on my chromebook. love it on every other <url> iphone, mac. i hope this is fixed in the next <url> !",neutral,positive,0.6279453039169312,0.07141289860010147,0.3006417751312256,0.6279453039169312
"sering error, but it's fine. still working",positive,neutral,0.7659791707992554,0.026257913559675217,0.7659791707992554,0.20776288211345673
full of bugs. i can claim the reward but my coins doesn't increase at all????,negative,negative,0.847388505935669,0.847388505935669,0.1344868391752243,0.01812470331788063
reliable when signal is good,positive,neutral,0.5537641048431396,0.02177349478006363,0.5537641048431396,0.4244624376296997
love it and hate it.,neutral,negative,0.9187842011451721,0.9187842011451721,0.06220490485429764,0.019010933116078377
would be good if you could delete after finished!,neutral,neutral,0.6782846450805664,0.023971019312739372,0.6782846450805664,0.2977443039417267
works for me. only one i ever use.,positive,positive,0.8102225065231323,0.05308594927191734,0.13669155538082123,0.8102225065231323
error <url> do not work. i'm having <number> . <number> . <number> <url> still not working .,negative,negative,0.9541028738021851,0.9541028738021851,0.03803841024637222,0.0078586982563138
it is very good but it needs more options on the facial features and the body motifications,positive,positive,0.7771795392036438,0.009113007225096226,0.21370744705200195,0.7771795392036438
takes up <number> percent of the <url> saves everything u <url> good for a <url> have motorola droid.,negative,neutral,0.7460170984268188,0.1830771267414093,0.7460170984268188,0.07090581953525543
nice <url> was using this <url> information for news and latest updates,neutral,positive,0.5821749567985535,0.04149937257170677,0.3763256072998047,0.5821749567985535
"the whitelist doesn't <url> no matter what i do, my tree dies.",neutral,negative,0.7701702117919922,0.7701702117919922,0.19971011579036713,0.030119672417640686
"good app, but lacking android wear (and thus pebble) support. i prefer google hangouts to slack because of this missing functionality.",neutral,neutral,0.7124627828598022,0.02192775160074234,0.7124627828598022,0.265609472990036
great but too much phone access,neutral,positive,0.5774595141410828,0.02649332396686077,0.3960471749305725,0.5774595141410828
if you can't offer better pricing you're useless,negative,negative,0.9606049060821533,0.9606049060821533,0.02971038967370987,0.009684690274298191
seriously your ad blocker never works everytime i go to movies site pop up ads pop ups every second very irritating don't <url> u will never get good surfing experience,negative,negative,0.927503228187561,0.927503228187561,0.06349682062864304,0.008999975398182869
minimize category and bbm group user friendly,positive,positive,0.6121824979782104,0.0367121584713459,0.35110536217689514,0.6121824979782104
it doesn't save the last page you were on. it's annoying.,neutral,neutral,0.7216402292251587,0.20510555803775787,0.7216402292251587,0.07325416058301926
please add something which shows you how long you've worked for each day and maybe a graph for comparing different working times,neutral,positive,0.8732846975326538,0.010999423451721668,0.1157158687710762,0.8732846975326538
not bad better than other,positive,neutral,0.4878721237182617,0.04323205724358559,0.4878721237182617,0.4688958525657654
i like the radar and spark. i work outside so that helps. the temp though? <url> but i guess that's what you get when trying to predict the actions of the most volatile woman in existence. mother nature of course.,neutral,positive,0.8832496404647827,0.010300273075699806,0.10645011067390442,0.8832496404647827
why it is asking to download uc browser when i am going to download song and i don't want to download uc browser,negative,negative,0.8247180581092834,0.8247180581092834,0.15488409996032715,0.020397765561938286
"awesome app!! it helps me a <url> i think it will be better if it had a <url> like we can time when it will start <url> sometimes i like to use my phone a lot. like before bed or using my phone at <url> smting like that. if you had the timer, we can set our work time so we would not play phones at certain <url> but still this app is great!!",positive,positive,0.8852651715278625,0.009662006981670856,0.10507280379533768,0.8852651715278625
good app but <url>,neutral,neutral,0.7253818511962891,0.02676146849989891,0.7253818511962891,0.2478567212820053
does the job it aims to do,neutral,positive,0.7292758822441101,0.026212988421320915,0.24451114237308502,0.7292758822441101
ridiculous. why the hell i cannot move it to memory card?,negative,negative,0.9603437185287476,0.9603437185287476,0.029802963137626648,0.009853364899754524
download error problem network gone after network connected again donwload doesn't resume,neutral,negative,0.7846280336380005,0.7846280336380005,0.18942676484584808,0.025945214554667473
"i would give this app more stars if it weren't for the inability to get an overview of the total number of hours sunk into each tag rather than just a percentage, extend the amount of time you want on the fly and to filter by multiple tags vs either only one or all at the moment.",neutral,positive,0.7732767462730408,0.01311755646020174,0.21360576152801514,0.7732767462730408
"its cool, i love it",neutral,positive,0.6998096108436584,0.04000518098473549,0.26018521189689636,0.6998096108436584
warning. bad apps. this apps cheat ur money on cancelation,negative,negative,0.9673911929130554,0.9673911929130554,0.02462691441178322,0.007981928996741772
please fix!! then <number> stars,negative,neutral,0.5315538048744202,0.31883519887924194,0.5315538048744202,0.14961104094982147
it's ok this apps,positive,neutral,0.8300434350967407,0.018644947558641434,0.8300434350967407,0.15131168067455292
please add support for links inside pdf! great app but i really miss that feature!!,neutral,positive,0.9204270243644714,0.009633902460336685,0.06993909925222397,0.9204270243644714
weatherbug was better <number> years back than it is now. i do not like the last few updates. the maps not as good especially showing cloud cover with storms or without. the layers is really sib par from the way it was. now for the last <number> days its shutting down for no reason,neutral,neutral,0.6176212430000305,0.3083411753177643,0.6176212430000305,0.07403752952814102
uc helpful but it's have many bad <url>,positive,neutral,0.6135899424552917,0.02978508546948433,0.6135899424552917,0.356624960899353
it tells me what i need to know,positive,positive,0.852238655090332,0.01526475790888071,0.132496640086174,0.852238655090332
addicted to phone? this is the app,positive,negative,0.9456114172935486,0.9456114172935486,0.041444119065999985,0.01294444128870964
works well but beware the enormous memory use for data. if this could be stored on sd card then i would give <number> stars. as it is may have to uninstall.,neutral,neutral,0.7930600047111511,0.02203177474439144,0.7930600047111511,0.1849081963300705
nice app for viewing documents!!! have been using it since many years!,positive,positive,0.9392704963684082,0.0077745080925524235,0.05295499786734581,0.9392704963684082
doesn't have a logout option,positive,neutral,0.7721199989318848,0.16053488850593567,0.7721199989318848,0.06734508275985718
enlarge capacity for sending video,neutral,neutral,0.6878309845924377,0.07973023504018784,0.6878309845924377,0.23243877291679382
"it needs to have color, hairstyles and have character friends we pick on the lists to be in emojis too. plus can we have clothes come from video games and movies. plz",positive,positive,0.7699968814849854,0.016772251576185226,0.21323086321353912,0.7699968814849854
excellent considering all i want is pdf reader. but confused why such a basic thing like bookmarks is missing! the page nav good but never accurate,neutral,positive,0.6364328861236572,0.012135643512010574,0.3514314591884613,0.6364328861236572
very funny! it crashes in my s <number> edge+,negative,neutral,0.5363606810569763,0.07624279707670212,0.5363606810569763,0.3873964846134186
cant book in alantic city nj,negative,negative,0.4953056871891022,0.4953056871891022,0.4732266068458557,0.03146766498684883
learnt about it hope it is going to be <url>,neutral,positive,0.5598490238189697,0.07217835634946823,0.36797264218330383,0.5598490238189697
i think it is cool because you can use it for anything and could make stories etc.,positive,positive,0.6394361257553101,0.013452613726258278,0.3471112549304962,0.6394361257553101
"so powerful, yet so limited.",neutral,neutral,0.7403281331062317,0.06306386739015579,0.7403281331062317,0.1966080516576767
i really like this app. have a lot of fun with it when i send text messages. haven't had any problems with it.,neutral,positive,0.9046033024787903,0.009154759347438812,0.08624196797609329,0.9046033024787903
new icon is really lame. looks like google <url> hahaha. binit,negative,negative,0.8932836651802063,0.8932836651802063,0.09060057997703552,0.016115743666887283
easy and convenient to use,positive,positive,0.913568913936615,0.009649624116718769,0.0767815113067627,0.913568913936615
holy data <url> people please!,negative,neutral,0.43869584798812866,0.3353351950645447,0.43869584798812866,0.22596891224384308
screw you slack for arbitrarily forcing everyone on mobile to download this utterly superfluous client while your services run well in browser.,negative,negative,0.9658954739570618,0.9658954739570618,0.025616304948925972,0.008488266728818417
sometime. . force close hard launch,neutral,neutral,0.6600320339202881,0.2124543935060501,0.6600320339202881,0.1275135576725006
"slow, and hang when zoom",negative,neutral,0.5739165544509888,0.3802318572998047,0.5739165544509888,0.04585159942507744
"the app is really good. i find it really fun but i suggest that you guys add piercings, birthmarks, beauty marks and things like that, maybe even allow more then two bitmoji characters. other than that, the app is really good",positive,positive,0.88393634557724,0.006866117939352989,0.10919752717018127,0.88393634557724
"would pay extra to get the ads to go away. otherwise, very good.",neutral,positive,0.5827533006668091,0.012154347263276577,0.40509232878685,0.5827533006668091
beware making fool and cheating beware,negative,negative,0.9635630249977112,0.9635630249977112,0.027069153264164925,0.009367814287543297
what happened to the paid version?,negative,negative,0.8703111410140991,0.8703111410140991,0.10279642045497894,0.026892364025115967
good <number> st version - htc one m <number>,positive,neutral,0.5169876217842102,0.020417092368006706,0.5169876217842102,0.46259528398513794
great app use it to store music in,positive,positive,0.9198390245437622,0.019303511828184128,0.06085745617747307,0.9198390245437622
"could use a bit of <url> other than that, great concept and idea!",neutral,positive,0.597424328327179,0.021589795127511024,0.38098594546318054,0.597424328327179
more customizable than the other guy but not as complete as i'd like,positive,positive,0.715124249458313,0.014769715256989002,0.2701060175895691,0.715124249458313
"i always like this app since i used my old curve. but the ads kill me, hahahaha.",positive,negative,0.5020304322242737,0.5020304322242737,0.39372214674949646,0.10424736887216568
"what a crappy app. rim can do much betta than this. wanted to give it a zero star but that option ain't available, i wonder why.",negative,negative,0.864063560962677,0.864063560962677,0.11826770007610321,0.01766877807676792
it's a good app . it saved my mobile from getting virus into my mobile,positive,positive,0.7709306478500366,0.00909003522247076,0.21997936069965363,0.7709306478500366
it's really nice !!!,neutral,positive,0.8628334999084473,0.008165416307747364,0.12900105118751526,0.8628334999084473
"the prices are super high. like,the great <url> a billionaire could pay, but they would be poor afterwards. don't use!",negative,negative,0.7760792970657349,0.7760792970657349,0.19614464044570923,0.02777607925236225
"great local forecast, maybe because i live near their headquarters. it works great when i travels as well.",positive,positive,0.8904930353164673,0.009982053190469742,0.09952496737241745,0.8904930353164673
not very compatible with pomodoro technique,neutral,neutral,0.7026522755622864,0.15991070866584778,0.7026522755622864,0.13743698596954346
very useful and reliable app. documents are available offline which i find very convenient,positive,positive,0.9481176137924194,0.007647696416825056,0.04423465207219124,0.9481176137924194
too many ads! hate it,negative,negative,0.963744580745697,0.963744580745697,0.028023604303598404,0.008231771178543568
good but i don't like this app becouse of that annoying ads please remove this <url>,negative,neutral,0.7689990997314453,0.042232874780893326,0.7689990997314453,0.18876808881759644
improve android app please,neutral,positive,0.5548998713493347,0.03437543660402298,0.4107246398925781,0.5548998713493347
not happy over my profile picture,neutral,negative,0.7885429263114929,0.7885429263114929,0.18126153945922852,0.030195459723472595
foxit reader is more convenient,positive,neutral,0.5651355981826782,0.09737888723611832,0.5651355981826782,0.33748549222946167
"cute, simple and motivating!",positive,positive,0.9232178926467896,0.009623642079532146,0.06715846061706543,0.9232178926467896
good but could be better,positive,neutral,0.7470428943634033,0.022864678874611855,0.7470428943634033,0.23009249567985535
"one of the essential apps, but imperfectly realized in android",positive,neutral,0.6298964619636536,0.07948753237724304,0.6298964619636536,0.2906160056591034
like it but too much ads,positive,neutral,0.7343558073043823,0.04265118017792702,0.7343558073043823,0.22299304604530334
still very lame. can't open pdfs that are image scans. cmon adobe. really?,negative,negative,0.9439493417739868,0.9439493417739868,0.04787425324320793,0.00817632395774126
"after unable to launch get fixed in the update last night, all my past <number> days history is gone <url> all my lemon <url> this how the developer improve performance? very <url>",negative,negative,0.8131816387176514,0.8131816387176514,0.1544072926044464,0.032410960644483566
you better call it off. useless.,negative,negative,0.9671579599380493,0.9671579599380493,0.022440489381551743,0.010401532053947449
as good as the web version,positive,positive,0.6146262288093567,0.0124738197773695,0.37289994955062866,0.6146262288093567
just updated bbm and all of my chat history disappeared! need a way to restore it. pls fix it.,neutral,negative,0.911052405834198,0.911052405834198,0.0759141743183136,0.013033406808972359
<salutation> can't even open password protected files. waste of time and memory,negative,negative,0.9652169942855835,0.9652169942855835,0.02752435952425003,0.007258632220327854
i dont understand this ap,neutral,negative,0.9022756218910217,0.9022756218910217,0.08013219386339188,0.017592277377843857
its a very good app,positive,positive,0.7645182013511658,0.011387920938432217,0.22409383952617645,0.7645182013511658
good website for hotels. plenty of options and many with free cancellation.,positive,positive,0.8400139808654785,0.00813285168260336,0.15185320377349854,0.8400139808654785
bad very very bad. in all website you have ads <url> is <url> <url> bad things <url> <url>,negative,negative,0.9652729630470276,0.9652729630470276,0.027445798739790916,0.007281222380697727
claims app <number> sd but <url> no option to move from phone to sd card. it's a <number> +mb app. htc di <number> . <number>,neutral,negative,0.8404879570007324,0.8404879570007324,0.14376229047775269,0.01574964076280594
"unnecessary app, please kill it.",negative,negative,0.960959792137146,0.960959792137146,0.030103497207164764,0.00893666036427021
my favorite way to communicate,positive,positive,0.9084744453430176,0.01939777098596096,0.0721278116106987,0.9084744453430176
quickly opens up the pdf <url> and very user friendly,positive,positive,0.9139807820320129,0.010201424360275269,0.07581774145364761,0.9139807820320129
force closed after update,neutral,negative,0.9235948324203491,0.9235948324203491,0.057508427649736404,0.018896805122494698
this app is nice for safe <url>,neutral,positive,0.6113768815994263,0.022680900990962982,0.36594218015670776,0.6113768815994263
brings so much important info to my phone in an easy to use format.,positive,positive,0.9235077500343323,0.009991319850087166,0.0665009468793869,0.9235077500343323
very nice and helpful app,positive,positive,0.9335992932319641,0.009812293574213982,0.05658842250704765,0.9335992932319641
don't send fake news,neutral,negative,0.774150550365448,0.774150550365448,0.19140294194221497,0.03444642946124077
it asks for login every time i start it and that is very annoying. on my ipad it does not behave that way.,neutral,negative,0.6874045729637146,0.6874045729637146,0.2848614454269409,0.027734065428376198
update <url> bisa copy comment di picture group <url> info bagaimana cara copy coment nya?,negative,negative,0.43206465244293213,0.43206465244293213,0.41766592860221863,0.15026935935020447
"good so far on phone, afraid to install on laptop, had a older version that wouldn't go away and had constant ads and pop-ups",positive,neutral,0.7713068723678589,0.03144462779164314,0.7713068723678589,0.19724847376346588
this app is far too big.,negative,negative,0.530356764793396,0.530356764793396,0.405441015958786,0.0642022043466568
this is a good app,positive,positive,0.6650777459144592,0.012148353271186352,0.32277387380599976,0.6650777459144592
"i'm heard about security concerns related to this browser, can u explain it?",neutral,neutral,0.5728453397750854,0.14481309056282043,0.5728453397750854,0.28234153985977173
worst app in world,negative,negative,0.9671900868415833,0.9671900868415833,0.02360660582780838,0.009203349240124226
i wish i could make funnies with my friends in them. not just in snapchat. otherwise a very fun app.,positive,positive,0.8152430653572083,0.008497558534145355,0.1762593537569046,0.8152430653572083
its alright but got a long way to go to better repligo. need to be able to skip to chapters and double tap zoom should fit paragraph to screen width,neutral,neutral,0.7300155758857727,0.012496700510382652,0.7300155758857727,0.2574877440929413
just missing an iphone feature.,positive,neutral,0.6932002305984497,0.054813820868730545,0.6932002305984497,0.25198593735694885
not as good as on the blackberry phones doesn't show a red star to let you know you have an unread message unless you open the app,neutral,neutral,0.6709117889404297,0.27061718702316284,0.6709117889404297,0.05847105383872986
excellent with some improvements,positive,positive,0.8664679527282715,0.007154911290854216,0.12637712061405182,0.8664679527282715
add fonts and stuff,positive,positive,0.8130149841308594,0.01804918609559536,0.1689358502626419,0.8130149841308594
please add some more features,positive,positive,0.7649461627006531,0.01806102879345417,0.21699275076389313,0.7649461627006531
wish you could choose a friends to be part of the emoji,neutral,positive,0.5447958111763,0.022160779684782028,0.4330434203147888,0.5447958111763
this app is useless. if i hit the home button the app plays in the background of my phone without the tree dying. that literally defeats the entire purpose of the app,negative,negative,0.9691224098205566,0.9691224098205566,0.022062810137867928,0.008814787492156029
now i accepted it,positive,neutral,0.4034431576728821,0.2548731565475464,0.4034431576728821,0.34168368577957153
support for password protected documents.,neutral,positive,0.6340184211730957,0.02190135419368744,0.34408026933670044,0.6340184211730957
discord came out and improved on slack in every way. there is no reason to use this trash anymore.,negative,negative,0.9549033045768738,0.9549033045768738,0.03647620975971222,0.008620508015155792
not anymore waste of time,negative,negative,0.8511272668838501,0.8511272668838501,0.12721197307109833,0.021660802885890007
not able to sign in,negative,negative,0.9061515927314758,0.9061515927314758,0.07698660343885422,0.016861803829669952
edit: i found the lemons and how to kill trees,positive,positive,0.4909127950668335,0.07351668924093246,0.4355704188346863,0.4909127950668335
always eror <url> this app,negative,positive,0.4058384597301483,0.2168542891740799,0.3773072063922882,0.4058384597301483
has too much space for ads. premium for login. there are more user friendly ways to monetize your app. the concept is ok but poorly executed,negative,neutral,0.6388705372810364,0.31898728013038635,0.6388705372810364,0.0421421192586422
"since using a new update, my htc one x, always not <url>",negative,negative,0.701458215713501,0.701458215713501,0.2534484267234802,0.04509330913424492
wpupd give more stars if we could use this app on fb messenger,neutral,neutral,0.5360433459281921,0.15488405525684357,0.5360433459281921,0.3090725839138031
"not more reliable as the desktop app, but it is enough to get by",neutral,neutral,0.6282462477684021,0.020300375297665596,0.6282462477684021,0.35145336389541626
does not open all pdf files that you can open with adobe on the pc. uninstalled.,negative,negative,0.9659178256988525,0.9659178256988525,0.026912927627563477,0.007169265765696764
"really bad. zoom removes text, outer viewmode locks scrolling etc etc",negative,negative,0.9615834951400757,0.9615834951400757,0.03072887472808361,0.0076876371167600155
i think the app is ment for book worms and book worms like me love it,neutral,positive,0.7853013873100281,0.05565334111452103,0.1590452492237091,0.7853013873100281
chat app or ads app,negative,negative,0.7622836232185364,0.7622836232185364,0.19945262372493744,0.038263753056526184
"good accuracy, clean look and good features.",positive,positive,0.9096982479095459,0.007595567032694817,0.08270618319511414,0.9096982479095459
tree doesn't whether if i leave the app n play game this app sucks,negative,negative,0.9520270228385925,0.9520270228385925,0.040040913969278336,0.007932037115097046
even worse than photoshop,negative,negative,0.8627200126647949,0.8627200126647949,0.10902697592973709,0.028252961114048958
begging for bookmark and copy paste option <url>,neutral,negative,0.8615733981132507,0.8615733981132507,0.11946525424718857,0.018961310386657715
forgets where i was when killed by the system,neutral,negative,0.4933314025402069,0.4933314025402069,0.44593825936317444,0.060730405151844025
very good. am no lonnger using infinix <number> am using mi note and it is very difficut for me to update my mi note phone.,neutral,positive,0.7138251662254333,0.012693201191723347,0.2734816074371338,0.7138251662254333
not easy to use,neutral,neutral,0.7976052761077881,0.08787541091442108,0.7976052761077881,0.11451929062604904
good app but huge filespace,neutral,neutral,0.5982158184051514,0.020335547626018524,0.5982158184051514,0.3814485967159271
no substitute for this great secure app for mobile communication in real time,positive,positive,0.7790117859840393,0.03201788291335106,0.18897034227848053,0.7790117859840393
not for bald people,negative,neutral,0.700857400894165,0.0867767333984375,0.700857400894165,0.21236588060855865
really useful app. totally enjoyed using it. i had downloaded this without many expectations but the simplicity and perfection that this app delivered totally blew me away. hats off to the developers !! keep up the great work !!,positive,positive,0.8812465667724609,0.013201527297496796,0.10555195063352585,0.8812465667724609
"it's a good app overall, but the hourly forecast is totally unreliable. if the amatuers at weather underground can get it right <number> % of the time, why is weatherbug wrong <number> % of the time? c'mon folks, it's obviously do-able, so please try putting in the effort to get it right in the future (or at least check out the weather underground site and copy their work).",neutral,neutral,0.6993328332901001,0.01649576611816883,0.6993328332901001,0.2841714024543762
so so. like other apps in the play store. nothing special.,neutral,neutral,0.5044166445732117,0.029485926032066345,0.5044166445732117,0.4660974442958832
the standard tool for exchanging documents online,positive,positive,0.8735792636871338,0.020250581204891205,0.10617013275623322,0.8735792636871338
please fix some bug n i will give u <number> star,neutral,positive,0.4628346562385559,0.080164834856987,0.4570005238056183,0.4628346562385559
great app over all,positive,positive,0.9025700688362122,0.02322515845298767,0.07420474290847778,0.9025700688362122
the app is interactive and has all the required functions.,positive,positive,0.7676225900650024,0.02192292921245098,0.21045446395874023,0.7676225900650024
it's ok but the follow me is crap,neutral,neutral,0.818011462688446,0.02037910558283329,0.818011462688446,0.1616094559431076
update every <number> minutes,neutral,neutral,0.5055204033851624,0.39570629596710205,0.5055204033851624,0.09877330809831619
"i have installed and uninstalled repeated this several times, all it wants to do is update continuously. i can't use it at all.",negative,negative,0.9551162123680115,0.9551162123680115,0.03813031315803528,0.00675350334495306
used battery most show identity,negative,negative,0.5543032288551331,0.5543032288551331,0.3928028643131256,0.05289393663406372
should have more filtering options. should stop nagging for a review when you've already posted one.,neutral,neutral,0.7905850410461426,0.029154952615499496,0.7905850410461426,0.18026000261306763
"after reservation want to add rooms but app just crash, keep loading",negative,neutral,0.6010932326316833,0.30960485339164734,0.6010932326316833,0.08930185437202454
lost in the translation,negative,neutral,0.45519259572029114,0.40221908688545227,0.45519259572029114,0.14258825778961182
new version is much slower than the last. loading messages and channels feels sluggish and tedious.,negative,neutral,0.8084525465965271,0.10009515285491943,0.8084525465965271,0.09145235270261765
where did the precipitation amounts go?,negative,neutral,0.6436451077461243,0.21667614579200745,0.6436451077461243,0.13967876136302948
"it's nice, but it would be great there'd be some piercings",positive,positive,0.7700724005699158,0.007814950309693813,0.2221127152442932,0.7700724005699158
it's a good app,positive,positive,0.6646574139595032,0.009543011896312237,0.3257995545864105,0.6646574139595032
good but could be better,positive,neutral,0.7470428943634033,0.02286466769874096,0.7470428943634033,0.23009249567985535
last update hosed app,negative,negative,0.852327823638916,0.852327823638916,0.11916530877351761,0.02850683219730854
"it keeps crashing. i like yet very annoying to keep <url> , weather stopped working.",neutral,neutral,0.534079909324646,0.40596234798431396,0.534079909324646,0.05995773896574974
the app would be better if you let us use calculator and <url> bcoz sometimes while studying you have to google something <url> just a suggestion.,neutral,neutral,0.5177847743034363,0.03902297094464302,0.5177847743034363,0.4431922733783722
"i love the amount of data and the warnings. however in the last <number> months the application has failed to work often at least once a day. if this issue could be solved, i would give the app <number> stars.",neutral,positive,0.8691298365592957,0.010647419840097427,0.1202227845788002,0.8691298365592957
you just need to add box braids as a hairstyle,positive,positive,0.8918306231498718,0.01798708364367485,0.09018225222826004,0.8918306231498718
its nice to receive anything,positive,positive,0.6891186237335205,0.011784488335251808,0.29909688234329224,0.6891186237335205
this app is awful,negative,negative,0.9643962383270264,0.9643962383270264,0.027177315205335617,0.008426429703831673
"bummer! now i am a former usser!!!! no-ads weatherbug, where are you? hello?",negative,negative,0.776547372341156,0.776547372341156,0.19609075784683228,0.027361886575818062
good for an <url>,neutral,neutral,0.6505270004272461,0.023890618234872818,0.6505270004272461,0.3255823850631714
this is very bad,neutral,negative,0.9609553813934326,0.9609553813934326,0.030125176534056664,0.00891947466880083
doesnt work on the gs <number>,negative,negative,0.9479776620864868,0.9479776620864868,0.043147459626197815,0.008874853141605854
too much ads not good for kids,neutral,neutral,0.4757283329963684,0.46722590923309326,0.4757283329963684,0.057045821100473404
not working properly in android above <number> . <number>,positive,negative,0.9193718433380127,0.9193718433380127,0.06736930459737778,0.013258791528642178
slow sometimes especially during video and audio calls. the app just hangs and stops working.,positive,neutral,0.8266238570213318,0.0813961997628212,0.8266238570213318,0.09197984635829926
if i could alter the apps appearance to allow for inverted colour schemes i would give it <number> stars other than that this is a brilliant app.,positive,positive,0.9106346368789673,0.011705034412443638,0.07766029238700867,0.9106346368789673
one of the <signature>,neutral,positive,0.9222589135169983,0.01256142370402813,0.06517960876226425,0.9222589135169983
"it's not working for me, i'm using samsung tab <number> mini, it's asking for confirmation of date of birth",negative,negative,0.9208675622940063,0.9208675622940063,0.06937944889068604,0.00975299533456564
"i can use other app meanwhile timer is running , so no use waste app",negative,neutral,0.6176919937133789,0.1276637464761734,0.6176919937133789,0.2546443045139313
app is up to date and easy to read.,positive,positive,0.8823574781417847,0.009354806505143642,0.10828772932291031,0.8823574781417847
"do not waste your time. if u think u can save the earth but no, you have to buy premium first to plant trees. absolute a waste timer",negative,negative,0.9614708423614502,0.9614708423614502,0.03138422593474388,0.007144982926547527
sluggish compared to other pdf readers but renders well.,neutral,neutral,0.6967934966087341,0.015313728712499142,0.6967934966087341,0.28789275884628296
"i don't need this, but i'm sure someone will need it.",positive,neutral,0.5278695225715637,0.07172077149152756,0.5278695225715637,0.4004097580909729
"really fast, good and probably the <signature>",positive,positive,0.9064773917198181,0.009085913188755512,0.08443664759397507,0.9064773917198181
"my team, tired of waiting for a department driven initiative for collaboration tools, decided to start using this for ourselves. it's been a great experience so far - quicker responses, easy file sharing, organising social outings and reaching out to the whole team at once etc. the <signature>",positive,positive,0.8975268602371216,0.014314970932900906,0.08815821260213852,0.8975268602371216
bad uploaded pic display,negative,negative,0.8947134613990784,0.8947134613990784,0.08533794432878494,0.019948642700910568
i like this app is very useful,neutral,positive,0.9046362638473511,0.008252272382378578,0.08711148798465729,0.9046362638473511
"i was not able to open the app even after reinstalling it twice so instead i installed ""flip flop"" app which is also a similar app",negative,negative,0.8329196572303772,0.8329196572303772,0.14603696763515472,0.021043425425887108
what's with all the new permissions?,negative,negative,0.5486826300621033,0.5486826300621033,0.36972472071647644,0.0815926343202591
the new automatic markdown feature sucks!!! and you cannot turn it off,negative,negative,0.963255763053894,0.963255763053894,0.02962019480764866,0.007124058902263641
now it use very long time for export photo.,negative,positive,0.7794980406761169,0.040505826473236084,0.17999614775180817,0.7794980406761169
can't import pictures,negative,negative,0.6626812815666199,0.6626812815666199,0.3118913769721985,0.02542729862034321
i love it but for some reason it doesn't work well on my samsung. if it worked better with my phone a higher rating,neutral,positive,0.5561994314193726,0.0318056158721447,0.41199493408203125,0.5561994314193726
did more things to say and more holiday,neutral,positive,0.552160918712616,0.08141113072633743,0.3664279282093048,0.552160918712616
can not open edited images on my galaxy note <number>,negative,negative,0.7197981476783752,0.7197981476783752,0.2615283131599426,0.018673541024327278
the confirmation details is not shown on <number> rd party screen. not useful if i have to inform <number> rd party of the confirmation details.,neutral,neutral,0.7118954658508301,0.21248814463615417,0.7118954658508301,0.07561645656824112
never sends the correct emoji.,negative,negative,0.6596663594245911,0.6596663594245911,0.3141309320926666,0.026202695444226265
please add save image setting,positive,neutral,0.5711918473243713,0.07364988327026367,0.5711918473243713,0.3551582992076874
i cant run the app after new update!!!,neutral,negative,0.9648166298866272,0.9648166298866272,0.028062358498573303,0.007121082860976458
ads thats the only thing spoiling this <url> bcz ads are source of income <url> lose this app the source ur getting ads,negative,negative,0.8852179646492004,0.8852179646492004,0.09744077175855637,0.01734120026230812
i have had this app for a while and it works really well,negative,positive,0.9010677933692932,0.010509302839636803,0.08842286467552185,0.9010677933692932
mostly good except- sucks too much background data and not freindly to my battery . should shut itself down.,neutral,neutral,0.8034113049507141,0.020485835149884224,0.8034113049507141,0.17610286176204681
"fairly accurate, wish the radar would update a little quicker",positive,positive,0.8685842752456665,0.006920999381691217,0.12449474632740021,0.8685842752456665
what's up with it?,negative,negative,0.7255646586418152,0.7255646586418152,0.22626951336860657,0.048165854066610336
up browser is <signature>,positive,neutral,0.4657686948776245,0.23139753937721252,0.4657686948776245,0.30283382534980774
nice app but i can't highlight my text i pressed that longer but it couldn't work please check this out,positive,neutral,0.67045658826828,0.03438124433159828,0.67045658826828,0.295162171125412
love it but the radar needs future time,positive,neutral,0.5321739912033081,0.07090537995100021,0.5321739912033081,0.3969206213951111
itss ok but not good at <url>,neutral,neutral,0.8573122024536133,0.03332119062542915,0.8573122024536133,0.10936665534973145
animation does not work. really disappointed. use everyday for work. moving on to the weather channel app. never fails.,negative,negative,0.9639672636985779,0.9639672636985779,0.02927296794950962,0.006759800482541323
"maybe if the app followed material design guidelines, i would have rated it <number> stars. the controls are based on ios, so it's not easy to find your way, but overall it's a good photo app.",positive,positive,0.6155658960342407,0.01352612767368555,0.3709080219268799,0.6155658960342407
new layout v <number>,positive,neutral,0.5017932653427124,0.17377029359340668,0.5017932653427124,0.3244365155696869
it does not install,positive,negative,0.9546346664428711,0.9546346664428711,0.03658386692404747,0.00878150761127472
"its amazing app, but unfortunately after the new updation the app forced to close when importing a new photo. so please fix that bug immediately",positive,neutral,0.6139143109321594,0.035006746649742126,0.6139143109321594,0.35107892751693726
try hotel tonight - $ <number> free,neutral,negative,0.6407105326652527,0.6407105326652527,0.30159205198287964,0.057697445154190063
"it's like <number> stars for the app, <number> star for new booking assistant. god damn it, how the hell can i just answer the message i got from a property???!!! why do i need to see <number> questions of an assistant instead, that i can not delete and that just mess up all the dialog! hate it. really hate this feature! do like everything else though.",positive,negative,0.8755787014961243,0.8755787014961243,0.10405677556991577,0.020364493131637573
been a good weather app for me! thumbs up!,positive,neutral,0.505639910697937,0.02495773322880268,0.505639910697937,0.4694022834300995
i guess it's <url>,positive,neutral,0.5542007684707642,0.1223045364022255,0.5542007684707642,0.32349473237991333
loved it before update,neutral,negative,0.5860524773597717,0.5860524773597717,0.3331318795681,0.08081567287445068
it is good news app but some improvement required in spelling and language.,positive,positive,0.7492298483848572,0.008629710413515568,0.24214047193527222,0.7492298483848572
"as a frequent user , you should have few options as reward the client should choose between",positive,positive,0.7645500302314758,0.017071176320314407,0.21837878227233887,0.7645500302314758
no bookmark or jump to <url> really annoying,negative,negative,0.5438210964202881,0.5438210964202881,0.41984254121780396,0.03633638471364975
app is <url> service sucks,neutral,negative,0.9441753625869751,0.9441753625869751,0.04584765061736107,0.009977058507502079
i can't use web mobile in <url>,negative,negative,0.7769470810890198,0.7769470810890198,0.19708529114723206,0.025967704132199287
the new button is super poopy.,negative,positive,0.47851285338401794,0.06455463916063309,0.4569324851036072,0.47851285338401794
"i love it, but desperately needs to save last <url> and place within that <url> a bookmarking function!",neutral,positive,0.744472861289978,0.03793961554765701,0.21758748590946198,0.744472861289978
"simple to use,in a straight forward easy to understand format. <signature>",positive,positive,0.9155880808830261,0.00960536114871502,0.0748065933585167,0.9155880808830261
i saw no last minute rates as promised on the description.,negative,neutral,0.7120975852012634,0.2093469500541687,0.7120975852012634,0.07855546474456787
if you browse like i do this is a must have. i rated it <number> stars before but now it is becoming a mess. you are killing its reputation with ads. i must wait for few seconds advert to finish before browsing.,neutral,negative,0.7477297186851501,0.7477297186851501,0.22219321131706238,0.030077099800109863
the drawer is old,negative,neutral,0.49887025356292725,0.38225695490837097,0.49887025356292725,0.11887279152870178
what a great messanger. you make us who separated a kilometers away can gather in one place. keep <url>,positive,neutral,0.5391960740089417,0.33694759011268616,0.5391960740089417,0.12385637313127518
add text option please,neutral,positive,0.6972655653953552,0.02051180973649025,0.28222259879112244,0.6972655653953552
new logo looks like swastika maybe next time dev team will worked on app ram usage?,negative,neutral,0.5545841455459595,0.15403077006340027,0.5545841455459595,0.29138508439064026
don't use. can't uninstall on tablet,neutral,negative,0.933327853679657,0.933327853679657,0.05856121703982353,0.00811094231903553
fast but doesn't allow you to jump to pages no good for big ebooks,neutral,neutral,0.7198753356933594,0.23334257304668427,0.7198753356933594,0.04678208380937576
how can i make a video call??,positive,positive,0.5105814337730408,0.06772715598344803,0.4216914176940918,0.5105814337730408
easy to use and useful,positive,positive,0.9240381717681885,0.008640806190669537,0.06732098758220673,0.9240381717681885
"i saw this app on engadget and was excited to try it. however, the hdr mode does not work on my phone. i have a samsung galaxy s <number> edge. it is listed as one of the phones that works but the option for hdr is not available on the drop-down menu.",neutral,neutral,0.7270351052284241,0.20145435631275177,0.7270351052284241,0.07151053100824356
i was able to update and view my bookings very easily. very convenient.,positive,positive,0.9251943826675415,0.00840318389236927,0.06640248000621796,0.9251943826675415
"it lost all my progress! i had the cat tree, octopus, etc",negative,negative,0.728302001953125,0.728302001953125,0.23858487606048584,0.033113110810518265
best crashes ever!!!! worthless,negative,negative,0.9677568078041077,0.9677568078041077,0.023603787645697594,0.00863933190703392
radar map never loads first try.,neutral,negative,0.9152868986129761,0.9152868986129761,0.07193607836961746,0.012777088209986687
"simple to the massage, i like bbm,cause i can see when the massage have delivered n read .",positive,positive,0.8074341416358948,0.01583268493413925,0.1767331063747406,0.8074341416358948
its <url> make something <url>,neutral,neutral,0.6147636771202087,0.16009870171546936,0.6147636771202087,0.22513766586780548
this is my favorite weather app to use. i've used it since i was a teenager. the only problem i have is that the hourly forecast is almost never right which is very inconvenient for me considering i work outside. on the bright side you can look at the radar and pretty much tell what what is gonna hit you.,neutral,positive,0.7531570792198181,0.015482393093407154,0.23136049509048462,0.7531570792198181
cant connect to facebook,neutral,negative,0.9283440709114075,0.9283440709114075,0.06303485482931137,0.00862108450382948
"i like it and think it's super cute and fun, but i wish it had more such as maybe tattoos or piercings and i wish you could create outfits instead of picking an outfit",positive,positive,0.9332543611526489,0.008692111819982529,0.05805355682969093,0.9332543611526489
good for quick edits on the move,positive,positive,0.7556074857711792,0.010717385448515415,0.23367515206336975,0.7556074857711792
why the almost daily updates?,neutral,neutral,0.6715856194496155,0.14001025259494781,0.6715856194496155,0.1884041428565979
terrible. i don't need creative cloud!,negative,negative,0.967048168182373,0.967048168182373,0.024240320548415184,0.008711599744856358
sign up form doesn't work and this app doesnt work without an adobe account so it was just a waste of time.,negative,negative,0.9692349433898926,0.9692349433898926,0.024216217920184135,0.006548958830535412
love it but a problem?,positive,positive,0.5620614886283875,0.03828812390565872,0.3996503949165344,0.5620614886283875
does what supposed to an as far as forcast go seems good,positive,neutral,0.5466307997703552,0.014326999895274639,0.5466307997703552,0.43904221057891846
i can't import alot of my photos!,neutral,negative,0.5925771594047546,0.5925771594047546,0.37156978249549866,0.03585297241806984
horrible pdf reader. there are much better alternatives.,negative,negative,0.9592725038528442,0.9592725038528442,0.030786855146288872,0.009940539486706257
"it's great that it can read my truck's <number> , <number> page service manual right here on my phone; but i can't find anything if there is no search feature!!",neutral,positive,0.7098314762115479,0.015154981054365635,0.2750135362148285,0.7098314762115479
it does logout of account after closing,positive,negative,0.5063461661338806,0.5063461661338806,0.4295581579208374,0.0640956237912178
"love it. would be great if you could include options to dodge and burn images, too.",positive,positive,0.8881262540817261,0.016720259562134743,0.09515345841646194,0.8881262540817261
i don't like that i can't attach to a text in gboard. i have to go through bitmoji to send in a text. it is easier to send in iphone and i can't do friendmojis,positive,neutral,0.742497444152832,0.16150501370429993,0.742497444152832,0.09599747508764267
"does not work on the captivate at <url> very disapointed, it just says it has failed to read found files.",negative,negative,0.9427449703216553,0.9427449703216553,0.04957285895943642,0.007682164665311575
it's an useful app,positive,positive,0.8745251893997192,0.0072153727523982525,0.11825943738222122,0.8745251893997192
is the white house in charge of it?,negative,negative,0.4981513023376465,0.4981513023376465,0.3934929072856903,0.10835577547550201
weather automation doesn't work anymore so it's stupid,negative,negative,0.9085124731063843,0.9085124731063843,0.0799299031496048,0.011557705700397491
some times its just boarding,neutral,neutral,0.7033023834228516,0.045255374163389206,0.7033023834228516,0.25144216418266296
i deplore pdfs of all kinds. <url> the only thing that can read a pdf. but this app does <url> it still sux,negative,neutral,0.6807964444160461,0.20299692451953888,0.6807964444160461,0.11620663851499557
installs another app without warning,negative,negative,0.9198233485221863,0.9198233485221863,0.06697887927293777,0.013197805732488632
it's your app so you get to choose your logo. but this new one confusing my son that slack is a game and he is complaining i keep playing this game all the time but have no shame in denying his rights to play games eternally. ps: unable to view old items unless we pay is gross.,neutral,negative,0.7812513709068298,0.7812513709068298,0.1947476714849472,0.024000879377126694
"other parties doin better ""reader n even writer"" than adobe!",negative,positive,0.461338073015213,0.07980267703533173,0.45885923504829407,0.461338073015213
takes too much time to load sometimes,positive,neutral,0.8384799361228943,0.08879055827856064,0.8384799361228943,0.0727294385433197
it is an interesting app that uses a lot of memory. but great communication tool,neutral,positive,0.8621695637702942,0.00916207954287529,0.1286683827638626,0.8621695637702942
it's amazing and faster then other <url>,neutral,positive,0.8876533508300781,0.012622336857020855,0.09972429275512695,0.8876533508300781
best weather app out there until it stopped working. won't load anything now. please <url>,negative,neutral,0.5195319652557373,0.04027942568063736,0.5195319652557373,0.44018855690956116
will be much better if it has read out <url>,positive,neutral,0.6524160504341125,0.02978999726474285,0.6524160504341125,0.31779393553733826
good overall but seems to have an issue of being unavailable or offline when other weather apps are working just fine providing the same info. <url> radar,positive,neutral,0.5995483994483948,0.014548150822520256,0.5995483994483948,0.3859034776687622
does the camera support long exposure?,positive,neutral,0.7873350977897644,0.054444268345832825,0.7873350977897644,0.15822067856788635
i enjoy using it. i just have to play with it more to get more experience,positive,positive,0.9226217269897461,0.010450057685375214,0.0669282078742981,0.9226217269897461
it helps me a lot,positive,positive,0.8980576395988464,0.007518440019339323,0.09442392736673355,0.8980576395988464
not bad at all. great improvement.,positive,positive,0.8765708804130554,0.008389229886233807,0.11503986269235611,0.8765708804130554
plenty of unnessary ads,negative,negative,0.7578662633895874,0.7578662633895874,0.2072533369064331,0.03488035127520561
the news feed so annoying please avoid this type of <url> or add a button for stop news <url>,negative,neutral,0.6559041738510132,0.2548164427280426,0.6559041738510132,0.08927934616804123
can be a bit complicated and in your face but it does a good job and is well supported by venues.,positive,positive,0.6485745906829834,0.01171684917062521,0.3397086262702942,0.6485745906829834
i liked it. no reply on mobile though.,positive,neutral,0.48491474986076355,0.031710851937532425,0.48491474986076355,0.4833744466304779
"works perfectly with snapchat, i hope soon it has more goth/alternative outfits and options for piercings and ear spacers. love the new hair options!",positive,positive,0.9480812549591064,0.012277141213417053,0.03964163362979889,0.9480812549591064
"it used to be a <number> star app but not every time i try to open it it crashes, please fix this asap",negative,negative,0.47752076387405396,0.47752076387405396,0.44440844655036926,0.07807085663080215
where's the support?,negative,neutral,0.5246083736419678,0.2615216076374054,0.5246083736419678,0.21387004852294922
i think nice but mobile hang krta h,neutral,positive,0.6600545644760132,0.01865258812904358,0.3212928771972656,0.6600545644760132
please add fonts in this app to write . <signature>,neutral,positive,0.787903904914856,0.030376948416233063,0.181719109416008,0.787903904914856
"worked once, then has never worked again.",negative,negative,0.7887918949127197,0.7887918949127197,0.1873687505722046,0.02383941039443016
fix the radar! what is taking so long? i'm very close to deleting this app for good. i doubt i'm alone!,negative,negative,0.7130922675132751,0.7130922675132751,0.259263813495636,0.027643894776701927
it is good aap for searching and downloading <url>,positive,positive,0.7205224633216858,0.014483111910521984,0.26499438285827637,0.7205224633216858
while controlling shutter speed whole app is getting freezed.,neutral,neutral,0.48035547137260437,0.45899245142936707,0.48035547137260437,0.060652077198028564
"no full language support. what a shame, adobe.",negative,negative,0.9365134835243225,0.9365134835243225,0.05478372797369957,0.008702798746526241
it's nice <url>,neutral,positive,0.5206435322761536,0.015588703565299511,0.46376773715019226,0.5206435322761536
"this app is not at all what i had expected. it is very hard to use. at the beggining, you get small info about one fature of the app. once you start to use it, the purpose just gets confusing, how does the tree grow? is the time a stopclock, a timer, im so confused! please improve this app to be more user friendly!",negative,negative,0.6292250156402588,0.6292250156402588,0.3406360447406769,0.030138950794935226
lost status bar info,neutral,negative,0.6054268479347229,0.6054268479347229,0.3242451250553131,0.07032805681228638
it was fine before i was forced to update.,neutral,neutral,0.783788800239563,0.10079897940158844,0.783788800239563,0.11541219055652618
